id,n24,rev24,revlast,elpsdm,ordfreq,ordcat
5001,5,186,18,24,1,6
5002,2,30,15,24,1,6
5003,24,362,30,24,1,7
5004,4,41,15,24,1,6
5005,5,59,18,24,1,6
5006,5,90,25,24,1,7
5007,2,30,20,24,1,6
5008,5,76,15,24,1,6
5009,7,64,20,23,1,6
5010,6,80,20,23,1,6
5011,17,187,12,23,1,5
5012,8,119,25,23,1,7
5013,5,63,20,23,1,6
5014,11,109,15,23,1,6
5015,12,187,25,23,1,7
5016,3,29,17,23,1,6
5017,11,143,20,23,1,6
5018,2,35,20,23,1,6
5019,9,110,15,23,1,6
5020,14,138,12,23,1,5
5021,7,84,20,23,1,6
5022,9,86,15,23,1,6
5023,5,69,19,23,1,6
5024,10,146,20,23,1,6
5025,2,40,20,23,1,6
5026,6,80,15,23,1,6
5027,11,123,16,23,1,6
5028,9,111,30,23,1,7
5029,3,29,15,23,1,6
5030,4,37,15,23,1,6
5031,7,81,16,23,1,6
5032,2,40,20,23,1,6
5033,11,141,15,23,1,6
5034,8,67,15,23,1,6
5035,2,53,30,23,1,7
5036,19,58,10,23,1,5
5037,2,32,17,23,1,6
5038,4,34,15,23,1,6
5039,4,66,25,23,1,7
5040,2,40,25,23,1,7
5041,20,170,13,23,1,5
5042,17,203,13,23,1,5
5043,17,257,18,23,1,6
5044,7,52,20,23,1,6
5045,4,27,18,23,1,6
5046,4,44,15,23,1,6
5047,16,442,50,23,1,7
5048,4,47,20,23,1,6
5049,7,151,18,23,1,6
5050,7,42,20,23,1,6
5051,11,97,17,23,1,6
5052,10,105,15,23,1,6
5053,5,76,20,23,1,6
5054,3,48,25,23,1,7
5055,4,43,15,23,1,6
5056,12,153,25,23,1,7
5057,40,290,10,23,2,5
5058,19,126,15,23,1,6
5059,15,147,20,23,1,6
5060,8,113,18,23,1,6
5061,12,117,14,23,1,5
5062,11,135,20,23,1,6
5063,7,220,35,23,1,7
5064,6,67,20,23,1,6
5065,6,91,20,23,1,6
5066,5,80,30,23,1,7
5067,23,286,14,23,1,5
5068,6,52,15,23,1,6
5069,11,180,20,23,1,6
5070,2,21,16,23,1,6
5071,2,45,25,23,1,7
5072,13,149,20,23,1,6
5073,2,45,25,23,1,7
5074,7,129,35,23,1,7
5075,2,25,15,23,1,6
5076,16,92,10,23,1,5
5077,2,32,17,23,1,6
5078,18,268,15,23,1,6
5079,20,106,10,23,1,5
5080,17,119,10,23,1,5
5081,4,60,15,23,1,6
5082,19,176,15,23,1,6
5083,2,25,15,23,1,6
5084,9,95,15,23,1,6
5085,10,165,26,23,1,7
5086,8,256,50,23,1,7
5087,4,54,17,23,1,6
5088,6,52,15,22,1,6
5089,8,99,16,22,1,6
5090,6,72,15,22,1,6
5091,9,110,15,22,1,6
5092,12,92,14,22,1,5
5093,2,30,20,22,1,6
5094,6,102,19,22,1,6
5095,12,143,18,22,1,6
5096,4,75,20,22,1,6
5097,7,76,15,22,1,6
5098,7,95,25,22,1,7
5099,10,75,14,22,1,5
5100,4,60,20,22,1,6
5101,5,100,25,22,1,7
5102,7,98,20,22,1,6
5103,3,25,15,22,1,6
5104,12,140,20,22,1,6
5105,3,45,20,22,1,6
5106,6,55,15,22,1,6
5107,6,52,15,22,1,6
5108,3,65,25,22,1,7
5109,11,191,27,22,1,7
5110,3,45,25,22,1,7
5111,14,930,102,22,1,7
5112,5,82,20,22,1,6
5113,10,153,15,22,1,6
5114,21,215,10,22,1,5
5115,8,165,25,22,1,7
5116,7,200,50,22,1,7
5117,34,531.83,20,22,1,6
5118,9,146,25,22,1,7
5119,5,63,15,22,1,6
5120,4,55,16,22,1,6
5121,3,28,16,22,1,6
5122,4,62,30,22,1,7
5123,9,121,17,22,1,6
5124,10,125,20,22,1,6
5125,4,60,18,22,1,6
5126,24,86,10,22,1,5
5127,7,180,25,22,1,7
5128,5,67,17,22,1,6
5129,6,91,14,22,2,6
5130,7,146,24,22,1,6
5131,25,233,12,22,1,5
5132,1,25,25,22,1,7
5133,3,79,37,22,1,7
5134,2,45,25,22,1,7
5135,2,45,25,22,1,7
5136,14,130,10,22,1,5
5137,5,44,20,22,1,6
5138,7,130,15,22,1,6
5139,5,75,20,22,1,6
5140,1,15,15,21,1,6
5141,2,160,80,21,1,7
5142,9,134,24,21,2,6
5143,11,82,8,21,2,5
5144,11,69,15,21,1,6
5145,8,84,15,21,1,6
5146,9,238,27,21,1,7
5147,4,123,36,21,1,7
5148,1,15,15,21,1,6
5149,7,78,18,21,1,6
5150,18,77,11,21,1,5
5151,20,109.07,5,21,4,4
5152,7,130,30,21,1,7
5153,2,30,15,21,1,6
5154,1,20,20,21,1,6
5155,18,158,10,21,1,5
5156,5,95,25,21,1,7
5157,1,15,15,21,1,6
5158,1,25,25,21,1,7
5159,1,30,30,21,1,7
5160,4,57,25,21,1,7
5161,6,70,15,21,1,6
5162,2,26,16,21,1,6
5163,5,50,20,21,1,6
5164,19,198,15,21,1,6
5165,7,63,15,21,1,6
5166,20,215,25,21,2,7
5167,2,26,16,21,1,6
5168,5,81,25,21,1,7
5169,2,50,25,21,1,7
5170,17,132,10,21,1,5
5171,10,238,31,21,1,7
5172,5,47,15,21,1,6
5173,6,90,20,21,1,6
5174,4,48,20,21,1,6
5175,2,40,20,21,2,6
5176,2,26,16,21,1,6
5177,15,126,12,21,1,5
5178,11,110,12,21,2,5
5179,1,15,15,21,1,6
5180,5,95,25,21,1,7
5181,16,100,10,21,1,5
5182,10,84,17,21,1,6
5183,5,72,16,21,1,6
5184,12,135,10,21,3,5
5185,4,62,20,21,1,6
5186,9,165,25,21,1,7
5187,1,15,15,21,1,6
5188,14,265,35,21,1,7
5189,4,80,25,21,2,7
5190,2,40,20,21,1,6
5191,8,129,25,21,1,7
5192,14,139,10,21,2,6
5193,10,87,12,21,2,5
5194,7,54,15,21,1,6
5195,9,40,15,21,1,6
5196,13,85,6,21,3,4
5197,14,123,10,21,1,5
5198,2,33,20,21,1,6
5199,1,15,15,21,1,6
5200,2,25,20,21,1,6
5201,1,25,25,21,1,7
5202,1,15,15,21,1,6
5203,6,61,16,21,1,6
5204,8,207,31,21,1,7
5205,6,71,15,21,1,6
5206,10,85,25,21,1,7
5207,1,15,15,21,1,6
5208,2,25,20,21,1,6
5209,1,20,20,21,1,6
5210,9,83,15,21,1,6
5211,18,220,15,21,1,6
5212,5,68,20,21,1,6
5213,3,41,15,21,1,6
5214,1,15,15,21,1,6
5215,3,50,20,21,1,6
5216,11,136,15,21,1,6
5217,3,27,15,21,1,6
5218,1,20,20,21,1,6
5219,11,121,15,21,1,6
5220,3,45,15,21,2,6
5221,1,20,20,21,1,6
5222,17,104,10,21,1,5
5223,8,54,16,21,1,6
5224,2,20,15,21,1,6
5225,4,50,20,21,1,6
5226,10,99,10,21,2,5
5227,2,35,25,21,1,7
5228,3,46,20,21,1,6
5229,1,25,25,21,1,7
5230,2,30,20,21,1,6
5231,3,35,20,21,1,6
5232,10,174,10,21,2,5
5233,18,347,25,21,1,7
5234,6,39,15,21,1,6
5235,2,25,20,21,1,6
5236,3,40,15,21,1,6
5237,6,67,15,21,1,6
5238,1,30,30,21,1,7
5239,3,30,15,21,2,6
5240,2,50,25,21,1,7
5241,7,61,16,21,1,6
5242,8,110,16,21,1,6
5243,6,135,30,20,1,7
5244,4,57,20,20,2,6
5245,1,15,15,20,1,6
5246,1,25,25,20,1,7
5247,15,123,14,20,2,5
5248,7,81,15,20,1,6
5249,49,486,10,20,3,5
5250,18,137,10,20,1,5
5251,6,100,20,20,1,6
5252,31,184,6,20,3,4
5253,22,292,24,20,1,6
5254,1,15,15,20,1,6
5255,15,134,12,20,1,5
5256,4,42,15,20,1,6
5257,10,173,25,20,2,7
5258,16,182.31,10,20,1,5
5259,20,267,14,20,1,5
5260,5,61,15,20,2,6
5261,30,272,10,20,1,5
5262,15,170,10,20,2,5
5263,1,25,25,20,1,7
5264,31,399,20,20,4,7
5265,2,30,20,20,1,6
5266,12,128,12,20,2,5
5267,3,36,15,20,1,6
5268,1,25,25,20,1,7
5269,13,202,30,20,2,7
5270,24,145,5,20,2,5
5271,44,601,16,20,4,6
5272,4,48,6,20,2,6
5273,2,55,30,20,1,7
5274,20,151,14,20,2,5
5275,2,32,17,20,1,6
5276,6,72,20,20,1,6
5277,13,140,18,20,3,6
5278,10,146,20,20,1,6
5279,1,22,22,20,1,6
5280,7,91,15,20,3,7
5281,13,170,16,20,1,6
5282,2,40,20,20,1,6
5283,17,205,20,20,1,6
5284,7,155,20,20,1,6
5285,16,110,10,20,1,5
5286,6,175,50,20,1,7
5287,39,208,5,20,3,4
5288,2,50,25,20,1,7
5289,2,25,15,20,1,6
5290,4,47,25,20,1,7
5291,1,20,20,20,1,6
5292,11,117,17,20,2,6
5293,13,151,20,20,1,6
5294,1,15,15,20,1,6
5295,1,15,15,20,1,6
5296,1,20,20,20,1,6
5297,11,335,50,20,2,7
5298,1,20,20,20,1,6
5299,6,53,15,20,1,6
5300,20,142,10,20,3,5
5301,13,258,30,20,1,7
5302,38,129,3,20,3,4
5303,1,25,25,20,1,7
5304,11,166,19,20,1,6
5305,10,101.54,12,20,3,5
5306,1,25,25,20,1,7
5307,1,15,15,20,1,6
5308,12,151,20,20,1,6
5309,18,102,10,20,1,5
5310,4,39,16,20,1,6
5311,24,249,12,20,1,5
5312,36,173,33,20,2,7
5313,16,138,11,20,1,5
5314,9,163,28,20,1,7
5315,15,121,11,20,1,5
5316,12,155,14,20,1,5
5317,6,121,32,20,1,7
5318,4,55,15,20,2,6
5319,5,70,25,20,1,7
5320,1,20,20,20,1,6
5321,21,167,10,20,1,5
5322,2,25,20,20,1,6
5323,7,35,5,19,4,4
5324,14,145,15,19,1,6
5325,6,46,10,19,3,5
5326,12,191,15,19,1,6
5327,4,54,20,19,1,6
5328,13,176,16,19,3,6
5329,3,30,10,19,2,6
5330,12,119,11,19,2,5
5331,7,108,20,19,1,6
5332,11,169,40,19,1,7
5333,13,115,9,19,4,5
5334,16,154,20,19,1,6
5335,9,150,25,19,1,7
5336,10,128,14,19,3,6
5337,36,232,8,19,2,7
5338,5,43,10,19,3,5
5339,1,20,20,19,1,6
5340,17,70,5,19,4,4
5341,25,156,5,19,3,4
5342,7,167,50,19,2,7
5343,2,30,20,19,1,6
5344,4,33,15,19,2,6
5345,10,114,15,19,2,6
5346,6,67,15,19,1,6
5347,10,163,25,19,1,7
5348,2,43,20,19,1,6
5349,25,119,5,19,3,4
5350,6,67,15,19,1,6
5351,12,159,20,19,3,6
5352,5,36,18,19,1,6
5353,7,90,15,19,1,6
5354,17,106,8,19,3,4
5355,7,72,15,19,1,6
5356,10,88,10,19,2,6
5357,3,32,20,19,1,6
5358,21,157,12,19,2,5
5359,2,65,50,19,1,7
5360,6,100,20,19,3,6
5361,3,60,20,19,2,6
5362,3,32,15,19,2,6
5363,25,489,25,19,3,7
5364,7,52,10,19,3,5
5365,4,47,12,19,2,6
5366,14,99,12,19,1,5
5367,2,25,15,19,1,6
5368,5,76,20,19,2,6
5369,13,167,10,19,1,5
5370,4,50,20,19,1,6
5371,7,80,16,19,2,6
5372,7,158,26,19,2,7
5373,2,20,15,19,1,6
5374,3,60,20,19,2,6
5375,8,71,10,19,3,5
5376,5,81,25,19,3,7
5377,7,98,20,19,1,6
5378,8,118,20,19,2,6
5379,11,144,20,19,1,6
5380,1,23,23,18,1,6
5381,22,207,20,18,1,6
5382,19,171,11,18,2,5
5383,3,31,15,18,1,6
5384,1,15,15,18,1,6
5385,5,82,20,18,1,6
5386,3,30,15,18,1,6
5387,4,77,23,18,2,6
5388,13,191,25,18,1,7
5389,16,52,5,18,3,4
5390,5,70,20,18,1,6
5391,1,25,25,18,1,7
5392,9,72,10,18,3,5
5393,9,187,30,18,1,7
5394,3,30,15,18,1,6
5395,2,26,16,18,1,6
5396,2,40,20,18,1,6
5397,17,182,17,18,1,6
5398,3,45,20,18,1,6
5399,6,56,16,18,1,6
5400,2,25,15,18,1,6
5401,9,47,7,18,4,4
5402,2,26,16,18,1,6
5403,1,20,20,18,1,6
5404,7,27,5,18,4,4
5405,21,235,10,18,2,6
5406,5,80,20,18,2,6
5407,6,27,10,18,3,5
5408,15,206,20,18,1,6
5409,47,148,3,18,3,4
5410,14,319,10,18,2,6
5411,2,22,17,18,1,6
5412,3,55,25,18,1,7
5413,4,33,15,18,1,6
5414,11,54,5,18,4,4
5415,1,15,15,18,1,6
5416,12,323,100,18,4,7
5417,1,25,25,18,1,7
5418,13,67,7,18,4,4
5419,5,50,10,18,3,5
5420,1,25,25,18,1,7
5421,3,32,20,18,1,6
5422,11,100,10,18,2,5
5423,14,130,15,18,2,6
5424,5,72,25,18,1,7
5425,8,55,15,18,1,6
5426,15,210,21,18,2,6
5427,5,58,20,18,2,6
5428,1,15,15,18,1,6
5429,1,20,20,18,1,6
5430,15,121,16,18,1,6
5431,1,25,25,18,1,7
5432,2,32,22,18,1,6
5433,23,194,11,18,1,5
5434,1,20,20,18,1,6
5435,2,45,25,18,1,7
5436,2,45,25,18,1,7
5437,14,119,9,18,2,5
5438,2,25,15,18,2,6
5439,8,55,15,18,1,6
5440,3,45,20,18,1,6
5441,1,15,15,18,1,6
5442,1,15,15,18,1,6
5443,6,105,25,18,1,7
5444,1,16,16,18,1,6
5445,7,89,20,18,1,6
5446,10,91,15,18,3,6
5447,6,100,25,18,2,7
5448,6,41,10,18,3,5
5449,15,108,12,18,1,5
5450,12,139,15,18,1,6
5451,1,25,25,18,1,7
5452,1,25,25,18,1,7
5453,1,15,15,18,1,6
5454,9,99,17,18,1,6
5455,1,15,15,18,1,6
5456,10,112,10,18,2,5
5457,16,204,26,18,2,7
5458,2,26,16,18,1,6
5459,12,106,15,18,1,6
5460,3,55,25,18,1,7
5461,9,244,25,18,1,7
5462,2,50,25,18,1,7
5463,1,15,15,18,1,6
5464,6,74,15,18,3,6
5465,4,34,10,18,3,5
5466,5,120,30,18,1,7
5467,5,115,30,18,2,7
5468,10,175.5,32,18,2,7
5469,3,65,20,18,2,7
5470,4,61,21,18,2,6
5471,2,20,15,18,1,6
5472,1,15,15,18,1,6
5473,1,23,23,18,1,6
5474,1,20,20,18,1,6
5475,2,50,25,18,1,7
5476,1,15,15,18,1,6
5477,5,30,10,18,3,5
5478,25,243,10,18,4,5
5479,7,71,15,18,2,6
5480,13,144,16,18,1,6
5481,3,45,20,18,1,6
5482,10,69,10,18,3,5
5483,1,20,20,18,1,6
5484,2,30,15,18,2,6
5485,13,257,25,18,2,7
5486,1,20,20,18,1,6
5487,1,15,15,18,1,6
5488,3,41,25,18,1,7
5489,24,124,10,18,3,5
5490,15,128,10,18,2,5
5491,1,15,15,18,1,6
5492,3,53,17,18,2,6
5493,4,46,15,18,1,6
5494,4,52,13,18,3,6
5495,7,105,20,18,3,6
5496,3,34,18,18,1,6
5497,8,86,16,18,4,6
5498,9,52,8,18,4,5
5499,4,53,16,18,2,6
5500,3,60,25,18,1,7
5501,18,118,10,18,1,5
5502,2,40,25,18,1,7
5503,4,42,12,18,3,5
5504,25,108,8,18,4,4
5505,9,150,20,18,1,6
5506,11,104,12,18,2,5
5507,63,746,13,18,3,6
5508,7,46,15,18,1,6
5509,7,65,10,18,3,5
5510,10,97,13,18,2,5
5511,1,15,15,18,1,6
5512,6,190,36,18,1,7
5513,14,143,10,18,2,5
5514,2,32,17,18,2,6
5515,15,102.06,12,18,1,5
5516,7,103,17,18,1,6
5517,1,50,50,18,1,7
5518,5,120,20,18,1,6
5519,21,142,10,18,1,5
5520,1,15,15,18,1,6
5521,6,49,10,18,3,5
5522,11,149,25,18,1,7
5523,6,111,22,17,2,7
5524,6,99,26,17,2,7
5525,9,140,15,17,2,6
5526,6,61,9,17,4,5
5527,6,74,20,17,1,6
5528,5,98,20,17,1,6
5529,3,36,16,17,1,6
5530,14,108,12,17,1,5
5531,11,107,15,17,1,6
5532,34,226.25,25,17,1,7
5533,1,15,15,17,1,6
5534,10,123,16,17,1,6
5535,2,40,15,17,2,7
5536,32,172,5,17,3,4
5537,15,132,10,17,1,5
5538,1,15,15,17,1,6
5539,5,110,30,17,2,7
5540,11,72,7,17,4,5
5541,21,116.5,10,17,3,5
5542,32,618,36,17,2,7
5543,11,65,11,17,3,5
5544,5,57,12,17,4,5
5545,14,122,5,17,3,5
5546,4,52,15,17,2,6
5547,17,114,10,17,1,5
5548,1,15,15,17,1,6
5549,1,25,25,17,1,7
5550,2,22,17,17,1,6
5551,1,15,15,17,1,6
5552,2,28,18,17,2,6
5553,4,46,15,17,2,6
5554,5,69.05,15,17,2,6
5555,1,20,20,17,1,6
5556,9,155,20,17,2,6
5557,19,170,15,17,2,6
5558,5,90,25,17,1,7
5559,5,89,18,17,4,6
5560,1,15,15,17,1,6
5561,10,70,13,17,2,5
5562,5,52,20,17,1,6
5563,1,20,20,17,1,6
5564,12,61,20,17,1,6
5565,5,80,20,17,1,6
5566,2,40,15,17,2,7
5567,15,93,10,17,2,5
5568,36,92,2,17,4,4
5569,15,120,10,17,2,5
5570,1,25,25,17,1,7
5571,1,25,25,17,1,7
5572,1,20,20,17,1,6
5573,9,167,25,17,3,7
5574,1,15,15,17,1,6
5575,9,83.65,20,17,1,6
5576,5,85,15,17,1,6
5577,1,25,25,17,1,7
5578,5,81,25,17,1,7
5579,1,20,20,17,1,6
5580,6,74,17,17,1,6
5581,1,20,20,17,1,6
5582,1,20,20,17,1,6
5583,4,41,14,17,2,6
5584,14,101,12,17,2,5
5585,6,73,20,17,1,6
5586,17,214,20,17,1,6
5587,3,55,15,17,1,6
5588,19,169,13,17,1,5
5589,4,33,5,17,3,6
5590,6,62,18,17,1,6
5591,1,25,25,17,1,7
5592,23,148,6,17,3,4
5593,5,78,19,17,1,6
5594,1,25,25,17,1,7
5595,1,15,15,17,1,6
5596,1,25,25,17,1,7
5597,1,15,15,17,1,6
5598,10,136,15,17,3,6
5599,14,218,21,17,1,6
5600,6,46,10,17,3,5
5601,14,245,25,17,4,7
5602,3,31,15,17,1,6
5603,1,20,20,17,1,6
5604,27,880,50,17,1,7
5605,2,20,5,17,2,6
5606,1,23,23,17,1,6
5607,3,32,12,17,2,6
5608,2,25,15,17,1,6
5609,28,96,3,17,3,4
5610,10,129,15,17,2,6
5611,1,25,25,17,1,7
5612,3,60,20,17,1,6
5613,1,15,15,17,1,6
5614,1,15,15,17,1,6
5615,2,30,20,17,1,6
5616,16,110,5,17,3,4
5617,3,30,20,17,2,6
5618,1,25,25,17,1,7
5619,5,77,25,17,1,7
5620,13,73,7,17,2,5
5621,1,20,20,17,1,6
5622,1,15,15,17,1,6
5623,20,100,5,16,4,4
5624,13,65,6,16,4,4
5625,10,54,7,16,4,4
5626,10,77,10,16,4,5
5627,1,20,20,16,1,6
5628,16,128,12,16,1,5
5629,7,63,6,16,3,5
5630,22,131,5,16,3,5
5631,9,98,15,16,1,6
5632,6,48,5,16,3,5
5633,3,27,15,16,1,6
5634,35,104,5,16,3,4
5635,4,25,10,16,3,5
5636,6,100,20,16,4,6
5637,16,87,10,16,1,5
5638,4,34,15,16,1,6
5639,38,247,10,16,1,5
5640,3,20,5,16,3,5
5641,3,55,25,16,1,7
5642,12,107,15,16,3,6
5643,11,83,3,16,3,5
5644,3,30,15,16,1,6
5645,18,72,5,16,3,4
5646,8,45,7,16,4,4
5647,3,30,15,16,1,6
5648,33,152,5,16,4,4
5649,6,80,20,16,1,6
5650,10,55,8,16,3,5
5651,13,108,10,16,3,5
5652,3,46,20,16,1,6
5653,11,127,17,16,2,6
5654,16,89,7,16,3,6
5655,12,86,10,16,3,5
5656,5,62,20,16,1,6
5657,16,116,13,16,2,5
5658,1,20,20,16,1,6
5659,31,84,3,16,3,5
5660,15,124,5,16,3,5
5661,4,30,10,16,4,5
5662,5,165,100,16,1,7
5663,11,90,11,16,4,5
5664,12,205,25,16,2,7
5665,14,95,10,16,2,5
5666,2,50,25,16,1,7
5667,2,25,15,16,2,6
5668,8,96,25,16,3,7
5669,2,35,20,16,1,6
5670,14,117,15,16,2,6
5671,6,48,6,16,4,5
5672,13,131,25,16,2,7
5673,1,20,20,16,1,6
5674,2,40,20,16,1,6
5675,5,39,15,16,1,6
5676,17,140,15,16,1,6
5677,10,115,17,16,1,6
5678,9,70,15,16,2,6
5679,8,50,10,16,3,5
5680,10,73,14,16,2,5
5681,25,210,10,16,3,5
5682,4,90,30,16,1,7
5683,20,166,10,16,2,5
5684,16,111,10,16,2,5
5685,9,158,25,16,1,7
5686,4,70,25,16,1,7
5687,6,57,15,16,1,6
5688,13,136,17,16,1,6
5689,12,84,10,16,2,5
5690,2,75,50,16,1,7
5691,7,115,25,16,2,7
5692,9,56,5,16,3,5
5693,3,45,20,16,1,6
5694,1,15,15,16,1,6
5695,11,115,10,16,1,5
5696,13,67,5,16,4,4
5697,6,56,15,16,1,6
5698,16,170,15,16,2,6
5699,9,98,10,16,2,5
5700,3,31,15,16,1,6
5701,3,38,20,16,1,6
5702,7,59,20,16,1,6
5703,7,156,15,16,3,6
5704,3,27,9,16,2,6
5705,7,64,15,16,1,6
5706,4,38,15,16,1,6
5707,2,30,15,16,1,6
5708,13,134,14,16,1,5
5709,12,227,20,16,1,6
5710,15,78,15,16,2,6
5711,4,29,10,16,3,5
5712,1,15,15,16,1,6
5713,5,170,50,16,1,7
5714,7,134,26,16,1,7
5715,26,185,15,16,1,6
5716,2,30,20,16,1,6
5717,13,190,21,16,3,6
5718,1,15,15,16,1,6
5719,1,15,15,16,1,6
5720,5,63,16,16,1,6
5721,3,37,15,16,2,6
5722,9,186,30,16,2,7
5723,11,86,10,16,2,5
5724,1,15,15,16,1,6
5725,6,35,5,16,4,4
5726,6,59,15,16,1,6
5727,5,50,20,16,2,6
5728,11,103,10,16,1,5
5729,5,104,25,16,2,7
5730,13,150,10,16,1,5
5731,25,117,5,16,3,4
5732,15,119,11,16,1,5
5733,14,209,21,16,2,7
5734,17,163,10,16,1,5
5735,8,75,15,16,1,6
5736,7,97,25,16,1,7
5737,2,21,6,16,2,6
5738,5,34,6,16,4,4
5739,16,91,7,16,2,5
5740,1,20,20,16,1,6
5741,12,130,16,16,1,6
5742,6,60,15,16,1,6
5743,3,60,20,16,1,6
5744,9,81,16,16,1,6
5745,2,40,20,16,1,6
5746,3,55,25,16,1,7
5747,8,115,10,16,3,7
5748,3,31,15,16,1,6
5749,2,30,20,16,1,6
5750,3,67,27,16,1,7
5751,6,65,15,16,1,6
5752,8,73,15,16,2,6
5753,16,162,20,16,2,6
5754,19,76,10,16,2,5
5755,1,15,15,16,1,6
5756,15,138,10,16,3,5
5757,5,79,25,16,1,7
5758,1,20,20,16,1,6
5759,14,114.07,14,16,1,5
5760,3,32,12,16,3,5
5761,2,40,20,16,2,6
5762,18,89,5,16,4,4
5763,6,67,15,16,1,6
5764,8,114,18,16,1,6
5765,7,42,5,16,4,4
5766,21,154,8,16,3,4
5767,20,159,14,16,1,5
5768,18,64,10,16,2,5
5769,29,387,10,16,3,5
5770,2,25,15,16,1,6
5771,14,83,10,16,2,5
5772,20,81.25,12,16,2,5
5773,3,45,20,16,2,6
5774,2,30,15,16,2,6
5775,2,20,15,16,1,6
5776,22,229.01,10,16,3,6
5777,12,114,11,16,1,5
5778,12,143,20,16,1,6
5779,11,84,20,16,2,6
5780,8,72.5,14,16,4,5
5781,10,88,15,16,2,6
5782,10,137,20,16,2,6
5783,8,94,15,16,1,6
5784,2,32,17,16,1,6
5785,3,24,16,16,2,6
5786,6,68,15,16,1,6
5787,2,20,5,16,2,6
5788,9,138,20,15,1,6
5789,7,105,15,15,3,6
5790,15,190,15,15,2,6
5791,2,26,20,15,1,6
5792,14,135.59,10,15,3,6
5793,4,75,50,15,2,7
5794,20,307,25,15,2,7
5795,18,81,6,15,4,4
5796,6,127,30,15,1,7
5797,2,25,20,15,1,6
5798,12,70,5,15,3,4
5799,12,216,31,15,3,7
5800,10,53,7,15,4,4
5801,9,87,20,15,2,6
5802,9,89,16,15,2,6
5803,11,100,13,15,4,5
5804,35,623,27,15,4,7
5805,15,146,15,15,1,6
5806,5,35,6,15,3,5
5807,2,25,20,15,2,6
5808,5,61,20,15,1,6
5809,11,363,70,15,2,7
5810,7,90,15,15,2,6
5811,3,35,20,15,2,6
5812,18,151,10,15,2,5
5813,6,142,32,15,1,7
5814,6,72,20,15,2,6
5815,17,160,10,15,3,5
5816,16,127,6,15,4,5
5817,8,63,6,15,4,5
5818,3,35,15,15,2,6
5819,18,377,25,15,4,7
5820,19,106,12,15,1,5
5821,17,142,6,15,1,5
5822,5,85,20,15,1,6
5823,10,75,8,15,4,4
5824,3,20,10,15,3,5
5825,14,98,10,15,2,5
5826,12,133,13,15,3,5
5827,11,84,8,15,4,5
5828,4,50,14,15,3,5
5829,2,40,25,15,1,7
5830,14,145,16,15,2,6
5831,8,54,8,15,3,5
5832,15,114,13,15,1,5
5833,12,82,8,15,2,5
5834,25,77,3,15,4,4
5835,4,46,15,15,3,6
5836,15,91,10,15,4,5
5837,25,183,10,15,2,5
5838,11,108,25,15,2,7
5839,7,64,15,15,1,6
5840,8,190,25,15,1,7
5841,5,91,30,15,2,7
5842,17,84,12,15,2,5
5843,9,106,30,15,2,7
5844,36,341,10,15,4,5
5845,2,55,30,15,2,7
5846,41,153,6,15,4,4
5847,20,280,10,15,1,5
5848,2,30,20,15,1,6
5849,17,135,10,15,1,5
5850,6,32,7,15,4,4
5851,11,49,2,15,4,5
5852,2,30,15,15,1,6
5853,2,35,20,15,2,6
5854,16,72,5,15,4,4
5855,6,60,15,15,1,6
5856,21,251,14,15,1,5
5857,14,210,20,15,1,6
5858,6,115,25,15,1,7
5859,3,35,17,15,1,6
5860,14,146,10,15,2,5
5861,12,116,16,15,3,6
5862,29,116.5,5,15,3,4
5863,13,228,20,15,1,6
5864,10,83,12,15,2,5
5865,5,57,15,15,1,6
5866,12,100,10,15,4,5
5867,2,55,30,15,2,7
5868,21,103,5,15,3,4
5869,3,57,25,15,1,7
5870,20,238,15,15,2,7
5871,22,97,5,15,3,4
5872,6,63,20,15,2,6
5873,7,135,25,15,1,7
5874,10,71,15,15,1,6
5875,25,180,10,15,3,5
5876,1,25,25,15,1,7
5877,14,62,5,15,4,4
5878,16,51.5,3,15,4,4
5879,2,30,15,15,1,6
5880,2,30,20,15,1,6
5881,28,108,10,15,2,5
5882,12,94,10,15,2,5
5883,10,69,20,15,1,6
5884,6,82,12,15,4,6
5885,6,92,23,15,1,6
5886,6,75,15,15,2,6
5887,8,87,15,15,2,6
5888,16,179,17,15,1,6
5889,14,382,43,15,3,7
5890,25,183,11,15,3,5
5891,6,130,25,15,1,7
5892,6,73,20,15,1,6
5893,36,320,12,15,4,5
5894,15,188,10,15,2,7
5895,15,51,6,15,3,4
5896,11,77,12,15,2,5
5897,3,50,20,15,2,6
5898,13,233,25,15,3,7
5899,13,91,12,15,2,5
5900,6,54,10,15,3,5
5901,16,182,5,15,3,4
5902,9,73,15,15,3,6
5903,1,16,16,15,1,6
5904,13,89,15,15,1,6
5905,1,15,15,15,1,6
5906,11,180,20,15,4,7
5907,16,213,10,15,2,6
5908,14,79,10,15,2,5
5909,2,40,30,15,2,7
5910,13,118,12,15,4,5
5911,17,184,8,15,4,6
5912,7,195,50,15,3,7
5913,3,30,15,15,1,6
5914,25,412,20,15,4,7
5915,26,164,10,15,2,5
5916,19,107,10,15,2,5
5917,19,87.25,5,15,3,4
5918,8,135,50,15,2,7
5919,7,47,10,15,3,5
5920,7,125,40,15,4,7
5921,3,27,15,15,1,6
5922,9,69,15,15,4,6
5923,5,61,15,15,1,6
5924,9,112,25,15,1,7
5925,7,105,10,15,4,5
5926,3,40,20,15,1,6
5927,10,83,12,15,3,5
5928,24,144,11,15,1,5
5929,1,15,15,15,1,6
5930,5,27,6,15,3,5
5931,14,112,6,15,2,5
5932,10,119,20,15,1,6
5933,9,185,30,15,4,7
5934,29,84.75,10,15,1,5
5935,13,86,10,15,2,5
5936,3,45,20,15,2,6
5937,11,58,4,15,4,4
5938,10,194,17,15,2,6
5939,4,67,20,15,1,6
5940,10,231,25,15,2,7
5941,21,91,10,15,1,5
5942,10,115,20,15,2,6
5943,3,34,22,15,1,6
5944,2,75,40,15,1,7
5945,12,117,10,15,1,5
5946,14,182,25,15,4,7
5947,8,55,5,15,4,5
5948,2,30,20,15,2,6
5949,5,100,20,15,1,6
5950,2,40,20,15,1,6
5951,10,85,15,15,1,6
5952,20,116,10,15,3,5
5953,7,92,15,15,1,6
5954,6,32,10,15,3,5
5955,7,55,15,15,2,6
5956,6,70,20,15,1,6
5957,11,124,17,15,2,6
5958,7,74,22,15,1,6
5959,2,30,20,15,1,6
5960,5,56,12,15,3,5
5961,5,95,25,15,1,7
5962,9,105,15,15,2,6
5963,1,25,25,15,1,7
5964,10,250,45,15,2,7
5965,5,64,22,15,1,6
5966,13,66,10,15,4,5
5967,2,26,16,15,1,6
5968,12,120,10,15,1,5
5969,36,147,10,15,4,5
5970,23,287,20,15,4,6
5971,12,218,21,15,3,7
5972,9,220,50,15,2,7
5973,8,66,11,15,3,5
5974,19,136,5,15,2,6
5975,12,106,10,15,2,5
5976,20,518,100,15,2,7
5977,2,55,25,15,2,7
5978,5,44,13,15,4,5
5979,18,112,10,15,2,5
5980,6,79,25,15,3,7
5981,6,45,10,15,3,5
5982,6,43,10,15,3,5
5983,5,42,15,15,1,6
5984,4,60,25,15,1,7
5985,8,56,10,15,4,5
5986,3,35,10,15,2,6
5987,15,176,25,15,3,7
5988,2,42,22,15,1,6
5989,11,297,35,15,1,7
5990,9,160,20,15,3,7
5991,15,139,10,15,1,5
5992,3,23,7,15,3,5
5993,12,170,20,15,1,6
5994,7,49,5,15,3,5
5995,24,455,30,15,1,7
5996,5,50,10,15,3,5
5997,12,85,10,15,3,5
5998,4,44,15,15,1,6
5999,13,128,10,15,1,5
6000,19,146,15,15,3,6
6001,2,30,25,15,1,7
6002,8,82,17,15,1,6
6003,5,51,15,15,1,6
6004,7,65,15,15,1,6
6005,18,185,15,15,1,6
6006,10,75,13,15,2,5
6007,4,36,10,15,3,5
6008,5,91,25,15,1,7
6009,15,156,10,15,4,5
6010,3,35,20,15,1,6
6011,5,82,22,15,1,6
6012,8,87,10,15,3,5
6013,30,153,7,15,4,4
6014,2,25,15,15,1,6
6015,3,40,20,15,2,6
6016,16,125,10,15,3,5
6017,11,47,5,15,4,4
6018,5,74,29,15,1,7
6019,16,108,10,15,2,5
6020,17,157,10,15,2,5
6021,15,77,8,15,2,5
6022,22,463,25,15,4,7
6023,13,129,16,15,4,6
6024,17,296,10,15,2,6
6025,9,117,20,15,1,6
6026,4,40,10,15,4,6
6027,3,50,10,15,3,7
6028,32,144,7,15,4,4
6029,2,20,15,15,1,6
6030,21,175,5,15,3,5
6031,20,172,10,15,1,5
6032,11,112,17,15,1,6
6033,2,28,20,15,1,6
6034,17,135,15,15,3,6
6035,4,32,10,15,3,5
6036,8,52,10,15,3,5
6037,9,99,20,15,1,6
6038,32,197,6,15,4,4
6039,19,508,25,15,3,7
6040,9,87,25,15,2,7
6041,20,119,10,15,3,5
6042,31,107,6,15,4,4
6043,6,170,45,15,1,7
6044,2,20,15,15,1,6
6045,8,107,20,15,1,6
6046,12,125,20,15,1,6
6047,1,15,15,15,1,6
6048,4,60,25,15,1,7
6049,10,130,25,15,2,7
6050,10,292,50,15,2,7
6051,9,80,20,15,2,6
6052,6,34,6,15,4,5
6053,21,200,12,15,4,5
6054,5,52,15,15,1,6
6055,3,44,20,15,2,6
6056,5,95,25,15,1,7
6057,5,39,10,15,3,5
6058,3,80,30,15,1,7
6059,4,31,10,15,3,5
6060,9,46,4,15,4,4
6061,7,95,15,15,2,6
6062,10,118,15,15,2,6
6063,14,178.5,20,15,1,6
6064,10,86,15,15,2,6
6065,25,449,25,15,3,7
6066,13,284.1,30,15,3,7
6067,4,31,5,15,3,5
6068,11,94,10,15,3,5
6069,3,42,20,15,1,6
6070,2,30,20,15,1,6
6071,7,62,15,15,1,6
6072,16,106,20,15,2,6
6073,2,30,20,15,2,6
6074,5,76,25,15,2,7
6075,9,69.25,20,15,1,6
6076,1,15,15,15,1,6
6077,6,35,10,15,4,5
6078,18,230,16,15,4,6
6079,17,146,10,15,1,5
6080,11,120,13,15,4,6
6081,2,30,20,15,1,6
6082,5,55,15,15,1,6
6083,12,96.5,10,15,3,5
6084,2,20,15,15,1,6
6085,6,168,10,15,3,7
6086,6,76,10,15,2,6
6087,6,125,20,15,4,6
6088,14,95,17,15,1,6
6089,21,168,35,15,1,7
6090,13,91,13,15,2,5
6091,7,54,10,15,4,5
6092,11,164,51,15,1,7
6093,5,58,12,15,3,6
6094,3,40,10,15,2,7
6095,4,71,19,15,1,6
6096,12,405,60,15,2,7
6097,3,30,15,15,2,6
6098,8,120,19,15,1,6
6099,3,60,25,15,1,7
6100,3,36,20,15,1,6
6101,7,79,17,15,2,6
6102,9,132,22,15,1,6
6103,11,78,11,15,2,5
6104,5,50,15,15,1,6
6105,11,160,50,15,1,7
6106,5,64,24,15,1,6
6107,12,137,15,15,2,6
6108,7,70,15,15,1,6
6109,16,90,5,15,3,5
6110,8,103,25,15,1,7
6111,16,148,15,15,1,6
6112,2,25,15,15,1,6
6113,6,56,15,15,1,6
6114,10,79,18,15,3,6
6115,6,80,15,15,1,6
6116,10,86,12,15,2,5
6117,5,72,20,15,1,6
6118,15,139,14,15,1,5
6119,11,132,20,15,1,6
6120,21,193,10,15,2,5
6121,8,240,50,15,2,7
6122,7,83,15,15,2,6
6123,3,19,6,15,3,5
6124,21,226,10,15,4,6
6125,11,122,12,15,3,6
6126,4,45,10,15,3,6
6127,11,276,25,15,3,7
6128,29,142,5,15,4,4
6129,5,82,20,15,2,6
6130,2,25,15,15,1,6
6131,13,162,5,15,4,6
6132,5,39,10,15,3,5
6133,15,241,20,15,3,6
6134,15,105,10,15,1,5
6135,15,157,12,15,1,5
6136,14,78,12,15,1,5
6137,19,155,10,15,1,5
6138,24,108,5,15,4,4
6139,12,137,12,15,1,5
6140,5,26,4,15,3,5
6141,12,110,15,15,1,6
6142,10,197,25,15,2,7
6143,3,86,31,15,1,7
6144,7,85,21,15,1,6
6145,6,70,17,15,1,6
6146,39,152,10,15,4,5
6147,6,138,29,15,2,7
6148,2,26,21,15,1,6
6149,27,138,5,15,3,4
6150,3,47,22,15,1,6
6151,2,92,72,15,1,7
6152,7,113,20,15,1,6
6153,7,49,10,15,3,5
6154,2,52,27,15,1,7
6155,5,52,15,15,2,6
6156,12,214,20,15,2,7
6157,5,66,25,15,1,7
6158,7,97,25,15,1,7
6159,21,111,5,15,4,4
6160,4,94,27,15,3,7
6161,10,113,17,15,1,6
6162,17,141,14,15,1,5
6163,8,69,13,15,3,5
6164,4,40,15,15,1,6
6165,11,90,10,15,3,5
6166,8,75,15,15,1,6
6167,8,102,15,15,1,6
6168,20,314,22,15,1,6
6169,3,60,25,15,1,7
6170,11,103,13,15,2,6
6171,3,25,15,15,2,6
6172,19,145,15,15,4,6
6173,8,120,20,15,3,6
6174,16,79,10,15,1,5
6175,5,37,9,15,4,4
6176,5,38,10,15,3,5
6177,3,27,7,15,3,6
6178,2,45,25,15,2,7
6179,2,32,17,15,1,6
6180,5,42,11,15,3,5
6181,25,115.75,8,15,4,5
6182,10,107,15,15,1,6
6183,16,91,10,15,1,5
6184,5,39,15,15,1,6
6185,25,188,12,15,2,5
6186,14,125,6,15,3,5
6187,17,101,10,15,1,5
6188,26,190,10,15,4,5
6189,7,61,25,15,1,7
6190,5,39,15,15,1,6
6191,5,55,15,15,3,6
6192,3,45,20,15,1,6
6193,11,51,5,15,4,4
6194,13,88,10,15,2,5
6195,7,64,12,15,3,5
6196,6,40,15,15,1,6
6197,6,39,7,15,3,5
6198,21,184,12,14,2,5
6199,6,66,15,14,2,6
6200,17,47,2,14,4,4
6201,9,82,15,14,1,6
6202,15,66,10,14,4,5
6203,2,20,15,14,1,6
6204,25,319,250,14,1,7
6205,29,128.5,3,14,4,4
6206,9,95,17,14,1,6
6207,15,195,15,14,2,6
6208,15,124,10,14,3,5
6209,16,98,6,14,4,4
6210,1,20,20,14,1,6
6211,12,171,21,14,2,6
6212,12,117,13,14,4,5
6213,4,30,10,14,3,5
6214,22,168,12,14,1,5
6215,22,145,9,14,4,4
6216,1,15,15,14,1,6
6217,1,15,15,14,1,6
6218,4,35,5,14,3,5
6219,8,118,17,14,4,6
6220,14,81,9,14,4,5
6221,12,97,10,14,4,6
6222,6,127,20,14,1,6
6223,1,15,15,14,1,6
6224,9,89,10,14,3,5
6225,6,54,6,14,3,5
6226,3,42,17,14,2,6
6227,4,50,5,14,2,6
6228,1,15,15,14,1,6
6229,7,72,10,14,3,6
6230,19,196,10,14,3,5
6231,16,100,8,14,3,4
6232,3,32,17,14,1,6
6233,18,96,5,14,4,4
6234,19,87.25,7,14,3,4
6235,1,18,18,14,1,6
6236,4,44,20,14,1,6
6237,8,75,12,14,3,5
6238,55,1174,25,14,4,7
6239,11,115,20,14,2,7
6240,29,76.5,2,14,4,4
6241,9,60,8,14,4,4
6242,3,29,15,14,2,6
6243,38,145,5,14,4,4
6244,4,70,30,14,2,7
6245,5,49,12,14,3,5
6246,13,111,10,14,4,5
6247,7,51,10,14,3,5
6248,8,87,25,14,1,7
6249,14,1190,100,14,1,7
6250,31,132,5,14,4,4
6251,8,80,12,14,4,5
6252,13,157,14,14,4,5
6253,3,42,20,14,1,6
6254,11,62,11,14,2,5
6255,1,15,15,14,1,6
6256,22,166.45,11,14,2,5
6257,7,88,20,14,3,6
6258,29,251,10,14,2,5
6259,3,42,20,14,2,6
6260,1,20,20,14,1,6
6261,1,15,15,14,1,6
6262,24,66,5,14,4,4
6263,4,46,20,14,1,6
6264,43,165,6,14,4,6
6265,9,31,5,14,4,4
6266,1,15,15,14,1,6
6267,11,120,17,14,1,6
6268,20,109,9,14,4,5
6269,7,67,17,14,3,6
6270,4,104,20,14,1,6
6271,1,25,25,14,1,7
6272,17,272,10,14,1,5
6273,7,50,10,14,4,5
6274,4,42,5,14,3,6
6275,24,72,5,14,3,4
6276,19,88,5,14,3,4
6277,3,31,15,14,2,6
6278,19,113,11,14,1,5
6279,3,45,20,14,2,6
6280,6,83,21,14,1,6
6281,2,35,20,14,1,6
6282,7,157,100,14,3,7
6283,1,15,15,14,1,6
6284,6,54,15,14,2,6
6285,1,15,15,14,1,6
6286,5,29,7,14,4,4
6287,22,99,6,14,3,4
6288,19,114,11,14,2,5
6289,1,20,20,14,1,6
6290,6,68,15,14,1,6
6291,8,77.25,18,14,1,6
6292,3,40,20,14,2,6
6293,2,40,20,14,2,6
6294,5,42,15,14,1,6
6295,1,20,20,14,1,6
6296,8,156,26,14,1,7
6297,37,90,5,14,4,4
6298,8,88,12,14,2,5
6299,22,121.5,20,14,2,6
6300,13,163,17,14,2,6
6301,3,75,50,14,2,7
6302,1,20,20,14,1,6
6303,18,140,11,14,2,5
6304,32,159,4,14,4,4
6305,20,211,15,14,2,6
6306,4,42,12,14,3,6
6307,1,15,15,14,1,6
6308,22,208,6,14,4,6
6309,26,111,5,14,3,4
6310,9,135,20,14,1,6
6311,42,352,15,14,4,6
6312,2,170,150,14,1,7
6313,6,27,6,14,4,4
6314,3,47,17,14,2,6
6315,5,63,15,14,1,6
6316,2,35,25,14,1,7
6317,28,187,10,14,4,5
6318,11,190,20,14,1,6
6319,6,91,15,14,1,6
6320,3,65,35,14,1,7
6321,6,87,17,14,2,6
6322,4,48,17,14,2,6
6323,10,48,5,14,4,4
6324,14,72,5,14,3,4
6325,15,194,10,14,4,7
6326,6,79,15,14,2,6
6327,27,630,25,14,4,7
6328,2,25,20,14,1,6
6329,11,148,13,14,2,5
6330,13,147,14,14,2,5
6331,6,62,16,14,1,6
6332,4,40,11,14,2,6
6333,2,30,20,14,1,6
6334,5,50,5,14,4,6
6335,6,28,5,14,4,4
6336,6,90,50,14,1,7
6337,7,53,10,14,4,5
6338,15,77,7,14,3,4
6339,5,51,15,14,1,6
6340,14,43,5,14,4,4
6341,11,92,20,14,4,6
6342,26,249,14,14,3,5
6343,5,50,10,14,4,6
6344,9,263,50,14,1,7
6345,5,48,10,14,4,5
6346,2,30,15,14,2,6
6347,1,30,30,14,1,7
6348,1,20,20,14,1,6
6349,1,25,25,14,1,7
6350,7,110,20,14,1,6
6351,3,40,25,14,1,7
6352,49,369,20,14,4,6
6353,40,181,6,14,4,4
6354,14,155,20,14,1,6
6355,4,72,20,14,1,6
6356,2,26,21,14,2,6
6357,3,44,20,14,1,6
6358,18,145,14,14,4,6
6359,17,113,10,14,1,5
6360,4,42,15,14,1,6
6361,6,106,25,14,2,7
6362,6,35,5,14,4,4
6363,6,43,10,14,3,5
6364,16,85,8,14,3,4
6365,1,20,20,14,1,6
6366,3,73,29,14,1,7
6367,2,36,26,14,2,7
6368,13,91,22,14,1,6
6369,1,15,15,14,1,6
6370,1,25,25,14,1,7
6371,16,120,12,14,2,5
6372,8,269,50,14,1,7
6373,19,445,25,14,1,7
6374,8,57,15,14,2,6
6375,8,93,25,14,1,7
6376,8,74,25,14,1,7
6377,23,246,10,14,3,5
6378,4,50,25,14,1,7
6379,1,20,20,14,1,6
6380,11,97,10,14,4,5
6381,7,123,27,14,1,7
6382,5,63,19,14,1,6
6383,4,39,16,14,2,6
6384,8,80,16,14,2,6
6385,24,229,15,14,4,6
6386,2,30,20,14,2,6
6387,3,55,25,14,1,7
6388,4,38,15,14,1,6
6389,25,178,10,14,4,5
6390,15,120,10,14,4,5
6391,8,47,10,14,4,5
6392,22,166,5,14,4,5
6393,3,77,27,14,2,7
6394,10,120,20,14,1,6
6395,2,45,25,14,1,7
6396,5,80,30,14,2,7
6397,2,30,20,14,2,6
6398,14,74,5,14,3,4
6399,4,49.5,17,14,1,6
6400,1,20,20,14,1,6
6401,30,122,2,14,4,4
6402,7,69,15,14,3,6
6403,15,145,10,14,1,5
6404,1,25,25,14,1,7
6405,1,20,20,14,1,6
6406,17,142,5,14,3,5
6407,34,143,5,14,3,4
6408,2,20,15,14,2,6
6409,5,55,20,14,1,6
6410,5,64,25,14,1,7
6411,9,61,10,14,3,5
6412,7,62,5,14,2,6
6413,16,115,10,14,4,5
6414,10,87,15,14,2,6
6415,12,127,16,14,1,6
6416,18,112,12,14,1,5
6417,1,15,15,14,1,6
6418,11,133,15,14,1,6
6419,21,107,5,14,4,4
6420,1,25,25,14,1,7
6421,44,376.25,9,14,4,5
6422,5,80,20,14,1,6
6423,21,156,5,14,2,5
6424,13,74,12,14,2,5
6425,3,30,15,14,1,6
6426,23,145,25,14,1,7
6427,1,15,15,14,1,6
6428,1,15,15,14,1,6
6429,1,25,25,14,1,7
6430,8,75,15,14,1,6
6431,15,91.5,11,14,2,5
6432,15,120,12,14,1,5
6433,4,47,20,14,3,6
6434,1,25,25,14,1,7
6435,3,26,10,14,3,5
6436,7,47,15,14,1,6
6437,23,294,20,14,2,6
6438,8,117,30,14,2,7
6439,5,55,15,14,1,6
6440,1,15,15,13,1,6
6441,12,104,14,13,4,5
6442,8,49,5,13,3,5
6443,1,15,15,13,1,6
6444,14,63,6,13,4,4
6445,7,170,25,13,2,7
6446,1,25,25,13,1,7
6447,1,15,15,13,1,6
6448,28,182,5,13,4,4
6449,12,83,9,13,4,4
6450,5,73,17,13,3,6
6451,13,74,5,13,3,4
6452,1,20,20,13,1,6
6453,8,90,24,13,1,6
6454,12,120,15,13,1,6
6455,14,141,17,13,2,6
6456,1,15,15,13,1,6
6457,6,46,15,13,1,6
6458,11,103,10,13,3,5
6459,11,76,10,13,4,5
6460,8,77,15,13,2,6
6461,3,31,15,13,2,6
6462,12,86,11,13,4,5
6463,6,95,25,13,2,7
6464,1,18,18,13,1,6
6465,4,39,11,13,3,5
6466,14,160,17,13,2,6
6467,5,32,10,13,3,5
6468,12,107,12,13,2,5
6469,5,38,10,13,4,5
6470,41,123,5,13,4,4
6471,10,72,15,13,3,6
6472,5,60,20,13,3,6
6473,16,147,12,13,4,5
6474,5,27,7,13,4,4
6475,19,95,7,13,3,4
6476,14,74,6,13,4,4
6477,10,68,10,13,3,5
6478,10,95,12,13,2,5
6479,8,39,5,13,4,4
6480,14,222,15,13,2,6
6481,1,25,25,13,1,7
6482,12,126,10,13,2,5
6483,9,121,16,13,2,6
6484,7,78,10,13,2,6
6485,19,190,10,13,2,5
6486,19,361,15,13,3,6
6487,1,15,15,13,1,6
6488,17,166,20,13,3,6
6489,23,73,3,13,3,4
6490,6,87,20,13,1,6
6491,7,115,20,13,2,6
6492,13,120,9,13,3,5
6493,8,67,10,13,3,6
6494,6,33,7,13,4,4
6495,3,55,10,13,3,7
6496,6,51,20,13,1,6
6497,9,154,30,13,1,7
6498,5,111,26,13,3,7
6499,7,91,17,13,2,6
6500,1,15,15,13,1,6
6501,1,15,15,13,1,6
6502,2,25,15,13,2,6
6503,7,66,20,13,1,6
6504,2,25,15,13,2,6
6505,8,158,20,13,3,6
6506,4,35,10,13,3,5
6507,20,215,20,13,3,6
6508,2,25,20,13,1,6
6509,1,25,25,13,1,7
6510,5,61,13,13,3,5
6511,9,85,15,13,2,6
6512,2,50,25,13,2,7
6513,11,149,25,13,3,7
6514,15,132,9,13,4,5
6515,1,20,20,13,1,6
6516,10,95,15,13,1,6
6517,8,56,10,13,3,5
6518,1,20,20,13,1,6
6519,5,29,6,13,3,5
6520,16,152,11,13,1,5
6521,6,67,15,13,2,6
6522,5,32,8,13,4,4
6523,4,65,20,13,1,6
6524,28,81,5,13,3,5
6525,1,23,23,13,1,6
6526,14,80,5,13,4,5
6527,8,86,20,13,1,6
6528,11,69,10,13,4,5
6529,7,455,25,13,1,7
6530,11,57,7,13,4,4
6531,2,50,25,13,2,7
6532,5,45,5,13,3,5
6533,5,75,20,13,1,6
6534,12,108,11,13,4,5
6535,17,91,10,13,2,5
6536,15,158,12,13,3,5
6537,4,34,11,13,3,5
6538,1,30,30,13,1,7
6539,1,15,15,13,1,6
6540,4,40,10,13,3,5
6541,15,121,10,13,2,5
6542,1,15,15,13,1,6
6543,13,83,13,13,2,5
6544,2,20,15,13,2,6
6545,8,108,20,13,3,6
6546,4,40,10,13,1,6
6547,32,387,12,13,1,5
6548,13,122,10,13,2,6
6549,1,20,20,13,1,6
6550,1,20,20,13,1,6
6551,20,442,35,13,2,7
6552,12,61,10,13,2,5
6553,29,103,5,13,3,4
6554,12,350,50,13,1,7
6555,1,25,25,13,1,7
6556,36,347,10,13,3,5
6557,10,92,10,13,4,6
6558,4,66,19,13,2,6
6559,4,44,12,13,3,5
6560,8,42,8,13,4,4
6561,18,88,7,13,3,4
6562,1,25,25,13,1,7
6563,27,385,16,13,2,7
6564,5,37,10,13,4,5
6565,1,24,24,13,1,6
6566,8,118,18,13,2,6
6567,6,85,20,13,4,6
6568,4,24,10,13,4,5
6569,8,117,30,13,2,7
6570,11,89,13,13,2,5
6571,1,15,15,13,1,6
6572,1,15,15,13,1,6
6573,7,58,10,13,3,5
6574,5,67,19,13,1,6
6575,12,164,15,13,2,6
6576,11,74,10,13,4,5
6577,3,155,100,13,1,7
6578,22,55,2,13,4,4
6579,16,94,11,13,1,5
6580,10,92,12,13,3,5
6581,1,20,20,13,1,6
6582,1,100,100,13,1,7
6583,5,31,7,13,3,5
6584,1,25,25,13,1,7
6585,13,108,10,13,2,5
6586,10,78,25,13,1,7
6587,5,72,18,13,2,6
6588,1,18,18,13,1,6
6589,13,57,4,13,4,4
6590,4,30,9,13,3,5
6591,6,85,15,13,2,6
6592,12,118,10,13,1,5
6593,22,74,5,13,3,4
6594,1,20,20,13,1,6
6595,14,100,11,13,2,5
6596,12,124,10,13,2,5
6597,1,20,20,13,1,6
6598,1,25,25,13,1,7
6599,7,36,10,13,4,5
6600,10,66,12,13,2,5
6601,8,101,20,13,2,6
6602,13,222,25,13,1,7
6603,1,42,42,13,1,7
6604,2,100,50,13,2,7
6605,8,160,23,13,1,6
6606,10,138,15,13,2,6
6607,16,110,7,13,3,4
6608,1,15,15,13,1,6
6609,15,131,10,13,2,5
6610,30,236,12,13,3,5
6611,21,74,5,13,4,4
6612,3,90,25,13,2,7
6613,4,57,15,13,2,6
6614,8,59,10,13,4,5
6615,11,122,15,13,4,6
6616,14,102,5,13,3,4
6617,4,115,30,13,3,7
6618,1,20,20,13,1,6
6619,12,133,20,13,1,6
6620,3,30,20,13,2,6
6621,15,182,15,13,3,6
6622,2,30,20,13,2,6
6623,8,56,12,13,3,5
6624,11,254,10,13,3,7
6625,4,42,20,13,3,6
6626,2,33,18,13,1,6
6627,1,15,15,13,1,6
6628,21,161,10,13,4,5
6629,7,30,4,13,4,4
6630,2,30,15,13,1,6
6631,10,117,14,13,1,5
6632,15,81,5,13,3,4
6633,11,51,12,13,2,5
6634,3,27,15,13,1,6
6635,2,25,15,13,2,6
6636,1,15,15,13,1,6
6637,12,105,10,13,2,6
6638,3,22,7,13,3,5
6639,1,15,15,13,1,6
6640,6,107,20,13,3,7
6641,4,40,10,13,3,5
6642,13,89,6,13,4,5
6643,20,160,10,13,3,5
6644,11,44,5,13,4,4
6645,9,88,10,13,2,6
6646,12,143,11,13,3,5
6647,1,25,25,13,1,7
6648,7,77,15,13,4,6
6649,19,320,20,13,4,7
6650,1,25,25,13,1,7
6651,1,15,15,13,1,6
6652,1,20,20,13,1,6
6653,3,55,25,13,2,7
6654,2,35,25,13,2,7
6655,1,15,15,13,1,6
6656,8,53,15,13,2,6
6657,13,59,10,13,4,5
6658,11,60,5,13,4,5
6659,1,15,15,13,1,6
6660,4,50,10,13,3,6
6661,1,15,15,13,1,6
6662,1,25,25,13,1,7
6663,2,30,20,13,2,6
6664,9,119,18,13,1,6
6665,20,140,10,13,2,5
6666,7,46,10,13,4,5
6667,1,15,15,13,1,6
6668,1,15,15,13,1,6
6669,11,114,10,12,3,6
6670,6,42,10,12,4,5
6671,17,152,12,12,3,5
6672,5,48,6,12,4,5
6673,27,281,40,12,4,7
6674,4,41,16,12,2,6
6675,11,181,18,12,4,7
6676,4,32,7,12,3,5
6677,18,391,6,12,4,7
6678,4,49,15,12,1,6
6679,14,133,14,12,2,5
6680,9,101,15,12,2,6
6681,1,25,25,12,1,7
6682,7,69,16,12,4,6
6683,13,116,6,12,4,5
6684,2,50,35,12,1,7
6685,8,75,15,12,1,6
6686,15,83,9,12,4,5
6687,22,94,6,12,4,4
6688,6,31,5,12,4,4
6689,21,214,16,12,1,6
6690,3,105,30,12,1,7
6691,9,140,30,12,2,7
6692,44,258,4,12,4,4
6693,2,29,6,12,2,6
6694,27,100,3,12,3,4
6695,27,259,27,12,3,7
6696,7,377,100,12,3,7
6697,14,71,5,12,3,4
6698,12,71,6,12,4,4
6699,14,82,5,12,3,4
6700,14,115,11,12,4,5
6701,10,94,12,12,2,5
6702,18,98,10,12,2,5
6703,12,77,10,12,2,5
6704,4,48,13,12,3,6
6705,3,60,10,12,3,7
6706,37,157,6,12,4,4
6707,3,30,15,12,1,6
6708,21,69,3,12,4,4
6709,6,115,20,12,4,7
6710,7,45,5,12,3,5
6711,4,27,7,12,3,5
6712,7,60,10,12,4,5
6713,4,40,10,12,3,5
6714,6,66,16,12,3,6
6715,20,113,5,12,3,4
6716,17,189,16,12,2,6
6717,2,26,6,12,2,6
6718,8,54,10,12,3,5
6719,3,37,15,12,3,6
6720,3,46,10,12,2,6
6721,16,71,5,12,3,4
6722,5,45,10,12,4,5
6723,20,82,3,12,4,4
6724,12,133,20,12,3,6
6725,7,58,5,12,4,5
6726,2,25,20,12,1,6
6727,8,94,17,12,2,6
6728,22,120,3,12,4,5
6729,3,83,50,12,1,7
6730,1,15,15,12,1,6
6731,9,108,20,12,1,6
6732,8,59,8,12,4,4
6733,5,29,7,12,4,4
6734,5,58,10,12,4,6
6735,7,54,10,12,3,5
6736,8,52,11,12,4,5
6737,5,90,25,12,2,7
6738,3,30,10,12,3,5
6739,15,71,4,12,4,4
6740,33,328,20,12,3,7
6741,5,56,14,12,3,5
6742,2,30,20,12,2,6
6743,15,162,25,12,3,7
6744,7,49,8,12,4,4
6745,13,102,10,12,2,5
6746,4,23,5,12,3,5
6747,12,54.25,10,12,2,5
6748,32,232,10,12,4,5
6749,1,50,50,12,1,7
6750,3,30,10,12,3,5
6751,6,42,5,12,4,5
6752,2,26,16,12,1,6
6753,13,85,10,12,2,5
6754,2,50,25,12,1,7
6755,20,162,6,12,1,5
6756,5,100,25,12,2,7
6757,7,70,4,12,4,5
6758,12,63,8,12,3,4
6759,3,22,6,12,3,5
6760,11,214,10,12,1,5
6761,21,85,14,12,4,5
6762,6,29,5,12,4,4
6763,2,40,30,12,1,7
6764,19,120,20,12,1,6
6765,24,88,5,12,4,4
6766,1,25,25,12,1,7
6767,3,44,18,12,1,6
6768,8,69.5,10,12,4,6
6769,2,23,20,12,1,6
6770,4,35,10,12,3,5
6771,3,20,10,12,3,5
6772,20,99,5,12,3,4
6773,7,58,9,12,3,5
6774,5,43,15,12,1,6
6775,8,94,20,12,4,6
6776,1,50,50,12,1,7
6777,9,62,10,12,3,5
6778,41,161,4,12,4,4
6779,3,22,11,12,3,5
6780,5,65,10,12,1,7
6781,13,158,20,12,3,6
6782,8,98,20,12,4,6
6783,20,90,5,12,3,4
6784,3,22,10,12,3,5
6785,11,138,15,12,1,6
6786,30,454,10,12,1,5
6787,7,70,15,12,1,6
6788,6,47,10,12,3,5
6789,7,34,3,12,4,4
6790,11,68,7,12,4,4
6791,4,31,8,12,3,5
6792,4,46,25,12,1,7
6793,12,426,75,12,2,7
6794,8,63,10,12,4,5
6795,11,92,11,12,3,5
6796,5,44,20,12,1,6
6797,16,132,13,12,1,5
6798,3,22,6,12,3,5
6799,35,349,25,12,4,7
6800,3,22,10,12,3,5
6801,2,20,15,12,1,6
6802,14,106,7,12,2,6
6803,12,123,12,12,2,5
6804,3,25,10,12,3,5
6805,6,53,10,12,4,5
6806,8,28,3,12,4,4
6807,6,125,25,12,1,7
6808,8,120,10,12,2,5
6809,16,196,15,12,2,6
6810,6,92,20,12,4,7
6811,1,25,25,12,1,7
6812,4,37,15,12,2,6
6813,6,51,20,12,2,6
6814,18,142,10,12,2,5
6815,6,82,20,12,1,6
6816,8,95,20,12,2,7
6817,18,93,12,12,1,5
6818,13,155,10,12,1,5
6819,3,30,15,12,1,6
6820,36,462,6,12,4,5
6821,8,77,15,12,3,6
6822,18,99,8,12,3,4
6823,6,112,25,12,1,7
6824,2,26,16,12,1,6
6825,29,63,1,12,4,4
6826,31,140.04,5,12,3,4
6827,12,117.5,15,12,1,6
6828,6,56,17,12,1,6
6829,10,86,10,12,3,5
6830,3,22,11,12,3,5
6831,12,100,10,12,3,5
6832,14,143,10,12,1,5
6833,1,50,50,12,1,7
6834,20,124,6,12,3,5
6835,15,86,15,12,2,6
6836,1,20,20,12,1,6
6837,5,33,7,12,3,5
6838,7,65,20,12,1,6
6839,7,41,11,12,4,5
6840,2,250,50,12,2,7
6841,2,30,20,12,2,6
6842,10,103,16,12,2,6
6843,24,101,4,12,4,4
6844,21,158,8,12,4,5
6845,13,103,15,12,1,6
6846,10,56.37,5,12,4,4
6847,6,23,5,12,4,4
6848,1,15,15,12,1,6
6849,5,31,7,12,4,4
6850,37,309,5,12,3,5
6851,3,42,20,12,2,6
6852,8,53,8,12,4,4
6853,1,20,20,12,1,6
6854,7,44,5,12,4,5
6855,2,30,20,12,1,6
6856,27,155,5,12,4,4
6857,15,84,3,12,4,4
6858,7,61,11,12,3,5
6859,3,79,27,12,1,7
6860,18,133,8,12,4,4
6861,26,365,15,12,2,7
6862,25,156,5,12,3,4
6863,23,287,10,12,1,5
6864,4,45,5,12,2,6
6865,21,127,5,12,4,4
6866,5,95,25,12,1,7
6867,2,21,6,12,2,6
6868,34,133,5,12,4,4
6869,3,21,11,12,3,5
6870,4,23,5,12,3,5
6871,4,41,15,12,2,6
6872,6,74,13,12,4,6
6873,10,83,10,12,4,5
6874,8,63,15,12,4,6
6875,10,83,10,12,3,5
6876,13,146,10,12,3,6
6877,3,28,20,12,1,6
6878,10,93,10,12,2,6
6879,11,153,17,12,2,6
6880,3,30,10,12,3,5
6881,2,50,25,12,1,7
6882,1,25,25,12,1,7
6883,8,87,10,12,4,6
6884,1,20,20,12,1,6
6885,5,30,8,12,4,4
6886,16,76,5,11,4,4
6887,2,40,20,11,1,6
6888,9,80,10,11,2,5
6889,5,65,15,11,1,6
6890,10,186,5,10,4,6
6891,14,93,7,10,2,5
6892,15,119,10,10,4,5
6893,14,152,15,10,3,5
6894,27,222,10,10,1,5
6895,24,212,10,10,1,5
6896,9,185,20,10,4,7
6897,17,118,10,10,1,6
6898,11,134,15,10,3,6
6899,35,720,19,10,1,6
6900,4,75,25,10,2,6
6901,12,97,10,10,4,5
6902,36,235,3,9,2,5
6903,16,204,10,9,3,7
6904,4,109,0,9,1,7
6905,4,35,8,9,1,6
6906,14,121,0,9,1,5
6907,7,31,5,9,4,4
6908,11,184,15,8,2,6
6909,3,45,10,7,1,7
6910,5,344,50,7,1,7
6911,2,30,10,7,1,6
6912,16,209,15,7,2,7
6913,22,150,8,6,3,5
6914,13,92,3,6,1,6
6915,3,23,3,6,1,6
6916,21,83,3,6,4,5
6917,10,130,15,6,1,6
6918,30,178,9,6,4,4
6919,31,556,20,6,3,7
6920,16,197,30,5,2,6
6921,12,94,11,5,2,5
6922,7,60,0,5,4,5
6923,10,153,20,5,4,6
6924,16,81,5,5,3,4
6925,6,74,0,5,1,6
6926,28,154,5,5,4,4
6927,31,234,9,5,2,5
6928,24,156,6,5,4,4
6929,22,278,28,5,4,6
6930,33,373,20,5,3,6
6931,11,99,10,5,1,6
6932,8,105,0,5,1,6
6933,5,52,0,5,1,6
6934,27,297,15,4,1,6
6935,14,174,14,4,2,6
6936,8,104,17,4,1,6
6937,15,194,15,4,2,6
6938,7,68,15,4,3,5
6939,3,51,16,4,1,7
6940,21,209,14,4,2,5
6941,22,193,12,4,1,5
6942,19,245,25,3,1,6
6943,32,287,5,3,3,5
6944,4,75,25,3,1,6
6945,6,155,50,3,2,7
6946,29,270,15,3,4,5
6947,26,268,10,3,1,5
6948,13,65,3,3,4,4
6949,30,156,20,3,4,5
6950,8,74,15,3,2,6
6951,23,189,10,3,3,5
6952,12,215,25,3,2,6
6953,8,78,10,3,2,6
6954,31,274,10,3,1,5
6955,14,179,25,3,1,5
6956,14,217,20,3,2,7
6957,10,525,100,3,1,7
6958,11,112,11,3,3,6
6959,43,383,13,3,3,5
6960,21,198,10,3,2,5
6961,31,258,5,3,1,5
6962,9,99,13,3,1,6
6963,5,75,25,3,1,7
6964,16,186,14,2,2,6
6965,26,348,20,2,1,5
6966,10,75,20,2,3,5
6967,6,72,19,2,1,6
6968,22,70,3,2,4,4
6969,34,190.5,7,2,3,4
6970,23,216,20,2,4,4
6971,17,144,10,2,4,5
6972,36,269,10,2,3,5
6973,5,92,26,2,2,6
6974,30,83,1,2,4,4
6975,2,30,0,2,1,6
6976,30,274,10,2,1,5
6977,22,171,10,2,2,5
6978,15,140,14,2,4,6
6979,9,92,10,2,4,5
6980,4,45,10,2,2,6
6981,46,632,15,1,1,7
6982,27,206,10,1,3,5
6983,8,97,15,1,1,6
6984,5,620,100,1,1,7
6985,15,146,0,1,3,5
6986,2,25,0,1,1,6
6987,8,145,0,1,1,6
6988,30,191,10,1,3,4
6989,19,431,25,1,3,7
6990,26,225,15,1,2,6
6991,9,112,25,1,1,6
6992,8,141,0,1,2,6
6993,6,49,0,1,2,6
6994,19,199,0,1,1,6
6995,40,402,13,1,1,5
6996,9,165,0,1,1,7
6997,11,149,15,1,3,6
6998,18,161,13,1,2,5
6999,26,427,25,1,4,7
7000,9,125,0,1,1,6
