id,n24,rev24,revlast,elpsdm,ordfreq,ordcat,response
1,2,30,20,24,1,6,1
2,25,207,20,24,1,6,0
3,5,52,15,24,1,6,0
4,11,105,15,24,1,6,0
5,2,32,17,24,1,6,0
6,7,73,20,23,1,6,1
7,6,78,18,23,1,6,1
8,2,40,25,23,1,7,1
9,11,163,20,23,1,6,1
10,6,130,20,23,1,6,1
11,13,101,17,23,1,6,1
12,13,169,17,23,1,6,1
13,13,130,34,23,1,7,1
14,13,137,20,23,1,6,1
15,2,55,35,23,1,7,1
16,20,143,15,23,1,6,1
17,11,130,20,23,1,6,1
18,12,91,15,23,1,6,1
19,3,26,15,23,1,6,1
20,4,55,20,23,1,6,1
21,3,43,15,23,1,6,1
22,6,55,20,23,1,6,1
23,2,25,15,23,1,6,1
24,21,117,10,23,1,5,0
25,12,171,20,23,1,6,0
26,5,73,25,23,1,7,0
27,2,30,15,23,1,6,0
28,14,203,25,23,1,7,0
29,2,25,15,23,1,6,0
30,5,49,15,23,1,6,0
31,14,97,12,23,1,5,0
32,16,174,25,23,1,7,0
33,6,156,18,23,1,6,0
34,5,62,20,23,1,6,0
35,9,92,20,23,1,6,0
36,8,103,15,23,1,6,0
37,23,158.25,12,23,1,5,0
38,22,150,12,23,1,5,0
39,8,124,25,23,1,7,0
40,4,110,30,23,2,7,0
41,4,44,18,23,1,6,0
42,7,70,20,23,1,6,0
43,3,160,100,23,1,7,0
44,19,210,14,23,1,5,0
45,4,63,25,23,1,7,0
46,3,45,25,23,1,7,0
47,7,100,25,23,1,7,0
48,19,106,12,23,1,5,0
49,6,58,15,23,1,6,0
50,2,45,25,23,1,7,0
51,2,25,20,23,1,6,0
52,23,225,10,23,1,5,0
53,4,60,33,23,1,7,0
54,13,109,15,23,1,6,0
55,12,166,16,23,1,6,0
56,13,138,25,23,1,7,0
57,4,38,16,23,1,6,0
58,10,132,15,23,1,6,0
59,9,98,16,23,1,6,0
60,6,69,15,23,1,6,0
61,7,81,15,23,1,6,0
62,14,113,10,23,1,5,0
63,7,103,19,23,1,6,0
64,3,45,20,23,1,6,0
65,3,44,20,23,1,6,0
66,8,105,25,23,1,7,0
67,5,110,25,23,1,7,0
68,1,20,20,23,1,6,0
69,6,173,45,23,1,7,0
70,9,93,20,23,1,6,0
71,5,52,15,23,1,6,0
72,6,185,20,23,1,6,0
73,11,145,18,23,1,6,0
74,11,135,15,23,1,6,1
75,16,140,15,23,1,6,0
76,9,79,15,23,1,6,0
77,4,46,16,23,1,6,0
78,7,61,20,23,1,6,0
79,5,55,16,23,1,6,0
80,3,35,15,23,1,6,0
81,6,80,20,23,1,6,0
82,18,119,11,23,1,5,0
83,18,111,11,23,1,5,0
84,7,100,25,23,1,7,0
85,7,94,20,23,1,6,0
86,5,72,15,23,2,7,0
87,13,136.06,17,23,1,6,0
88,2,40,20,23,1,6,0
89,9,110,16,23,1,6,0
90,12,157,17,23,1,6,0
91,19,147,10,23,1,5,0
92,2,20,15,23,1,6,0
93,6,69,17,23,1,6,0
94,6,67,20,23,1,6,0
95,7,77,25,23,1,7,0
96,10,97,15,23,1,6,0
97,8,108,20,23,1,6,0
98,3,65,25,23,1,7,0
99,19,161,13,23,1,5,0
100,15,119,10,23,1,5,0
101,23,232,15,23,1,6,0
102,10,150,16,23,1,6,0
103,2,30,20,22,1,6,1
104,18,158,10,22,1,5,1
105,16,97,10,22,1,5,0
106,6,83,17,22,1,6,0
107,15,127,10,22,1,5,0
108,7,108,15,22,1,6,0
109,5,40,15,22,1,6,0
110,3,37,17,22,1,6,0
111,7,57,15,22,1,6,0
112,29,260.5,10,22,3,5,1
113,5,41,15,22,1,6,0
114,7,135,25,22,1,7,0
115,11,200,25,22,1,7,0
116,7,72,15,22,1,6,0
117,5,115,28,22,1,7,0
118,2,75,50,22,1,7,0
119,9,142,20,22,1,6,0
120,3,42,20,22,1,6,0
121,11,107,17,22,1,6,0
122,9,116,15,22,1,6,0
123,12,168,12,22,1,5,0
124,10,201,28,22,1,7,0
125,9,102,16,22,1,6,0
126,35,439,21,22,1,6,0
127,12,205,35,22,1,7,0
128,3,38,15,22,1,6,0
129,13,105,10,22,2,5,0
130,12,158,20,22,1,6,0
131,4,36,15,22,1,6,0
132,3,30,15,22,1,6,0
133,5,96,20,22,2,7,0
134,14,174,15,22,1,6,0
135,2,25,15,22,1,6,0
136,25,262,10,22,1,5,0
137,10,72,15,22,1,6,0
138,5,67,20,22,1,6,0
139,5,71,20,22,1,6,0
140,5,83,18,22,1,6,0
141,7,85,25,22,1,7,0
142,4,49,15,22,2,6,0
143,5,70,20,22,1,6,0
144,4,70,20,22,1,6,0
145,8,66,25,21,1,7,1
146,1,25,25,21,1,7,1
147,5,55,21,21,1,6,1
148,1,15,15,21,1,6,1
149,2,30,20,21,1,6,1
150,2,26,16,21,1,6,1
151,5,71,15,21,2,6,1
152,13,164,18,21,1,6,1
153,1,20,20,21,1,6,1
154,10,64,15,21,1,6,1
155,1,25,25,21,1,7,1
156,7,47,15,21,1,6,1
157,1,20,20,21,1,6,1
158,5,55,25,21,1,7,1
159,1,15,15,21,1,6,1
160,2,20,15,21,1,6,1
161,1,20,20,21,1,6,1
162,14,129,12,21,1,5,1
163,3,150,50,21,1,7,1
164,10,147,25,21,1,7,1
165,5,33,3,21,3,5,1
166,13,129,17,21,2,6,0
167,4,66,25,21,1,7,0
168,1,27,27,21,1,7,0
169,1,20,20,21,1,6,0
170,3,35,15,21,1,6,0
171,4,44,20,21,1,6,0
172,10,101,15,21,1,6,0
173,4,45,20,21,1,6,0
174,4,90,25,21,1,7,0
175,8,130,25,21,1,7,0
176,1,15,15,21,1,6,0
177,1,25,25,21,1,7,0
178,5,82,20,21,2,6,0
179,10,113,16,21,1,6,0
180,3,24,15,21,1,6,0
181,11,64.04,13,21,2,5,1
182,2,30,20,21,1,6,0
183,2,45,25,21,1,7,0
184,1,15,15,21,1,6,0
185,9,78,20,21,1,6,0
186,19,244,15,21,1,6,0
187,11,138,20,21,1,6,0
188,1,25,25,21,1,7,0
189,3,70,25,21,1,7,0
190,6,71,12,21,2,6,0
191,8,136,20,21,1,6,0
192,20,139,9,21,3,4,0
193,3,38,16,21,1,6,0
194,19,170,15,21,1,6,0
195,3,45,25,21,1,7,0
196,1,25,25,21,1,7,0
197,1,15,15,21,1,6,0
198,1,20,20,21,1,6,0
199,5,59,15,21,1,6,1
200,1,25,25,21,1,7,0
201,19,114,10,21,1,5,0
202,22,238,15,21,1,6,1
203,18,266,25,21,1,7,0
204,3,35,15,21,1,6,0
205,12,176,25,21,1,7,0
206,7,79,25,21,1,7,0
207,2,22,17,21,1,6,0
208,23,210,20,21,1,6,0
209,6,92,20,21,1,6,1
210,2,35,15,21,1,6,0
211,3,50,20,21,1,6,0
212,2,40,20,21,1,6,0
213,12,222,20,21,1,6,0
214,3,50,20,21,1,6,0
215,3,35,20,21,2,6,0
216,6,57,20,21,1,6,0
217,24,245,10,21,2,5,0
218,14,117.5,11,21,1,5,0
219,13,178,23,21,2,6,1
220,5,78,20,21,1,6,0
221,12,152,20,21,1,6,0
222,8,111,17,21,2,6,0
223,7,87,20,21,2,6,0
224,13,150,20,21,2,6,0
225,3,42,18,21,1,6,0
226,10,73,15,21,1,6,0
227,20,129,10,21,1,5,0
228,4,52,21,21,1,6,0
229,6,81,20,21,1,6,0
230,3,55,25,21,1,7,0
231,8,107,20,20,1,6,1
232,1,15,15,20,1,6,1
233,10,130,10,20,2,6,1
234,23,123,10,20,2,5,1
235,2,26,16,20,1,6,1
236,1,15,15,20,1,6,1
237,3,75,25,20,2,7,1
238,2,50,25,20,1,7,1
239,14,186,10,20,1,5,1
240,9,78,15,20,1,6,1
241,1,15,15,20,1,6,1
242,5,39,15,20,2,6,1
243,5,57,11,20,3,5,0
244,3,42,20,20,1,6,0
245,1,25,25,20,1,7,0
246,8,144,25,20,2,7,0
247,3,36,11,20,2,6,0
248,4,50,15,20,1,6,0
249,15,130,11,20,1,5,0
250,21,151,10,20,1,5,0
251,1,20,20,20,1,6,0
252,3,120,40,20,2,7,0
253,2,50,25,20,1,7,0
254,6,67,20,20,1,6,0
255,4,61,21,20,2,6,0
256,7,95,15,20,1,6,0
257,2,30,20,20,1,6,0
258,18,119,12,20,1,5,0
259,21,101,5,20,3,4,0
260,11,95,15,20,1,6,0
261,4,45,15,20,1,6,0
262,1,20,20,20,1,6,0
263,2,30,10,20,2,6,0
264,4,32,10,20,3,5,0
265,1,25,25,20,1,7,0
266,7,56,10,20,3,5,1
267,4,85,25,20,1,7,0
268,19,148,20,20,1,6,0
269,9,145,21,20,1,6,0
270,14,199,25,20,2,7,0
271,11,225,26,20,2,7,0
272,33,398.79,20,20,2,6,0
273,5,53,15,20,2,6,1
274,13,164,25,20,1,7,0
275,11,155,25,20,2,7,0
276,1,60,60,20,1,7,0
277,12,57,5,20,4,4,0
278,2,40,30,20,1,7,0
279,16,126,10,20,2,5,0
280,10,109,15,20,1,6,1
281,12,104.5,10,20,2,5,0
282,5,55,15,20,1,6,0
283,1,20,20,20,1,6,0
284,7,92,15,20,1,6,0
285,4,50,16,19,1,6,1
286,15,118,15,19,1,6,1
287,8,120,20,19,1,6,1
288,13,167,20,19,1,6,1
289,12,136,20,19,1,6,1
290,2,26,16,19,1,6,1
291,5,125,25,19,3,7,1
292,6,92,16,19,2,6,1
293,16,161,17,19,1,6,1
294,3,90,35,19,2,7,1
295,12,60,10,19,2,5,1
296,10,170,20,19,1,6,1
297,16,84,6,19,3,4,1
298,29,242,16,19,1,5,1
299,3,65,25,19,2,7,1
300,32,199,7,19,4,4,1
301,15,145,10,19,1,5,1
302,33,359,10,19,1,5,1
303,17,201,14,19,3,6,1
304,19,187,15,19,2,6,1
305,14,123,10,19,2,6,1
306,4,56,23,19,1,6,0
307,6,51,10,19,3,5,0
308,9,116,15,19,1,6,0
309,8,100,20,19,1,6,0
310,28,235,10,19,3,5,0
311,1,15,15,19,1,6,0
312,9,89,11,19,2,5,0
313,10,23,3,19,4,4,0
314,19,120,5,19,2,5,0
315,3,45,15,19,2,6,0
316,7,55,15,19,1,6,0
317,3,36,16,19,2,6,1
318,5,51,10,19,2,6,0
319,15,137,10,19,1,5,0
320,4,80,25,19,1,7,0
321,3,659,415,19,1,7,0
322,12,105,50,19,1,7,0
323,7,62,10,19,4,5,0
324,22,108,5,19,4,4,1
325,43,366,13,19,1,5,0
326,5,82,20,19,1,6,0
327,2,55,35,19,1,7,0
328,3,55,25,19,1,7,0
329,4,39,15,19,2,6,0
330,6,35,5,19,3,5,0
331,1,25,25,19,1,7,0
332,10,112,15,19,3,6,0
333,18,137,10,19,3,5,0
334,18,156,10,19,3,5,0
335,9,113,20,19,1,6,0
336,21,181,11,19,1,5,0
337,4,25,5,19,3,5,0
338,14,117,15,19,1,6,0
339,8,93,16,19,1,6,0
340,10,164,18,19,1,6,0
341,8,34,4,19,4,4,0
342,14,121,11,19,4,5,0
343,12,130,16,19,1,6,0
344,8,129,25,19,1,7,0
345,7,116,21,19,1,6,0
346,21,69.25,5,18,3,4,1
347,5,64,16,18,2,6,1
348,25,141,10,18,1,5,1
349,11,83,12,18,2,5,1
350,5,51,16,18,1,6,1
351,18,181,15,18,2,6,1
352,15,154,20,18,1,6,1
353,1,20,20,18,1,6,1
354,4,89,19,18,2,6,1
355,19,155,10,18,2,5,1
356,9,124,17,18,3,6,1
357,20,199,12,18,2,5,1
358,3,35,15,18,2,6,1
359,6,56,15,18,1,6,1
360,4,33,10,18,3,5,1
361,2,30,20,18,1,6,1
362,16,137,11,18,1,5,1
363,10,115,20,18,1,6,1
364,6,65,20,18,1,6,0
365,19,168,12,18,2,5,0
366,7,62,15,18,1,6,0
367,7,45,10,18,3,5,0
368,4,34,9,18,3,5,0
369,2,65,40,18,1,7,0
370,1,20,20,18,1,6,0
371,1,25,25,18,1,7,0
372,1,15,15,18,1,6,0
373,1,20,20,18,1,6,0
374,9,88,15,18,1,6,0
375,4,34,16,18,1,6,0
376,6,130,25,18,1,7,0
377,7,33,3,18,3,5,1
378,15,105,10,18,2,5,0
379,20,102,10,18,1,5,0
380,2,35,20,18,1,6,0
381,1,15,15,18,1,6,0
382,10,93,13,18,3,5,1
383,24,154,10,18,3,5,0
384,3,34,20,18,1,6,0
385,1,20,20,18,1,6,0
386,12,123,18,18,1,6,0
387,1,15,15,18,1,6,0
388,16,118,25,18,1,7,1
389,1,23,23,18,1,6,0
390,1,25,25,18,1,7,0
391,1,20,20,18,1,6,0
392,19,156,10,18,1,5,0
393,14,251,15,18,1,6,0
394,1,20,20,18,1,6,0
395,2,25,10,18,2,6,0
396,4,85,30,18,1,7,0
397,8,88,12,18,2,5,0
398,2,26,16,18,1,6,0
399,18,214.5,16,18,1,6,0
400,1,25,25,18,1,7,0
401,2,26,16,18,1,6,0
402,4,23,10,18,3,5,0
403,4,50,20,18,1,6,0
404,7,99,17,18,2,6,1
405,1,20,20,18,1,6,0
406,1,20,20,18,1,6,0
407,1,20,20,18,1,6,0
408,2,200,100,18,1,7,0
409,4,36,15,18,2,6,1
410,8,77,15,18,1,6,0
411,9,48,7,18,4,4,0
412,3,24,5,18,2,6,0
413,16,229,25,18,2,7,0
414,11,127,15,18,3,6,0
415,3,45,20,18,2,6,0
416,13,483,42,18,1,7,0
417,8,76,15,18,2,6,0
418,17,75,6,18,4,4,0
419,9,226,50,18,1,7,1
420,1,18.95,18.95,18,1,6,0
421,1,25,25,18,1,7,1
422,4,39,15,18,1,6,0
423,20,104,12,18,2,5,0
424,1,15,15,18,1,6,0
425,1,25,25,18,1,7,0
426,10,145,20,18,2,6,0
427,21,176,10,18,1,5,0
428,8,163,27,18,1,7,0
429,14,129,20,18,1,6,0
430,1,16,16,18,1,6,0
431,14,68,5,18,3,4,0
432,9,126,20,18,3,6,0
433,11,80,15,18,1,6,0
434,6,125,20,18,2,6,0
435,26,102.5,5,18,3,4,0
436,2,30,20,18,1,6,0
437,31,242,10,18,3,5,0
438,10,125,20,18,1,6,0
439,8,124,25,18,3,7,0
440,2,40,25,18,1,7,0
441,12,159,19,18,1,6,0
442,3,27,15,18,2,6,0
443,8,59,15,18,2,6,0
444,5,80,20,18,1,6,0
445,9,155,20,18,4,7,0
446,20,187,16,18,1,6,0
447,1,20,20,18,1,6,0
448,1,30,30,18,1,7,0
449,1,15,15,18,1,6,0
450,21,1172,125,18,2,7,0
451,20,178,15,18,1,6,0
452,6,155,15,18,1,6,0
453,4,34,15,18,1,6,0
454,17,88,10,18,1,5,0
455,1,15,15,18,1,6,0
456,2,25,15,18,1,6,0
457,7,61,20,18,1,6,0
458,17,92,20,18,1,6,0
459,4,35,6,18,2,6,0
460,7,62,15,18,3,6,0
461,2,30,20,18,1,6,0
462,15,101,8,18,3,5,0
463,20,115,8,18,3,4,0
464,12,103,9,18,2,5,0
465,5,67,21,18,1,6,0
466,1,20,20,18,1,6,0
467,8,102,20,18,2,6,0
468,21,157,15,18,2,6,0
469,7,85,20,18,1,6,0
470,1,28,28,18,1,7,0
471,9,98,25,17,1,7,1
472,8,65,12,17,4,5,1
473,7,33,6,17,3,5,1
474,14,76,10,17,2,5,1
475,1,25,25,17,1,7,1
476,4,32,15,17,1,6,1
477,12,182,21,17,1,6,1
478,3,60,20,17,1,6,1
479,4,65,15,17,1,6,1
480,11,121,13,17,3,5,1
481,11,113,12,17,2,5,1
482,2,32,17,17,1,6,1
483,2,20,15,17,1,6,1
484,6,92,20,17,1,6,1
485,14,171,11,17,4,6,1
486,10,147,17,17,2,6,1
487,10,71,7,17,3,5,1
488,10,122,10,17,2,6,1
489,1,15,15,17,1,6,0
490,11,980,150,17,1,7,0
491,29,385,11,17,4,5,1
492,4,34,15,17,2,6,0
493,17,166.5,12,17,1,5,0
494,1,25,25,17,1,7,0
495,3,35,15,17,2,6,0
496,31,481,18,17,4,6,0
497,18,151,15,17,1,6,0
498,5,49,16,17,1,6,0
499,1,20,20,17,1,6,0
500,7,105,25,17,2,7,0
501,2,25,15,17,1,6,0
502,8,83,21,17,1,6,0
503,23,235,10,17,1,5,0
504,1,20,20,17,1,6,0
505,1,25,25,17,1,7,1
506,3,55,25,17,2,7,0
507,10,78,10,17,3,5,0
508,1,15,15,17,1,6,0
509,1,20,20,17,1,6,0
510,4,46,20,17,1,6,0
511,3,32,15,17,1,6,0
512,10,87,15,17,1,6,0
513,3,100,50,17,1,7,0
514,4,50,20,17,1,6,0
515,6,66,10,17,4,6,0
516,9,80,10,17,4,5,0
517,3,18,5,17,3,5,0
518,12,197,30,17,2,7,0
519,3,45,20,17,2,6,0
520,7,77,17,17,1,6,0
521,12,129,13,17,2,5,0
522,14,98,8,17,2,5,0
523,1,25,25,17,1,7,0
524,2,30,20,17,1,6,0
525,1,20,20,17,1,6,0
526,13,156,20,17,2,6,0
527,7,270,50,17,1,7,0
528,1,20,20,17,1,6,0
529,20,59.5,12,17,1,5,0
530,20,94,10,17,1,5,0
531,14,111,11,17,2,5,0
532,2,25,15,17,1,6,0
533,20,137,14,17,2,5,0
534,8,163,18,17,1,6,0
535,7,76,25,17,1,7,0
536,2,30,15,17,2,6,0
537,1,20,20,17,1,6,0
538,7,101,15,17,2,6,0
539,7,50,6,17,4,5,0
540,7,29,5,17,4,4,0
541,15,76,5,17,3,5,0
542,1,25,25,17,1,7,0
543,6,88,20,17,2,6,0
544,6,62,12,17,3,5,0
545,18,158,22,17,1,6,0
546,5,88,20,17,1,6,0
547,6,52,15,17,1,6,0
548,1,20,20,17,1,6,0
549,17,141,16,17,1,6,0
550,13,129,15,17,3,6,0
551,8,75,5,17,4,4,0
552,5,34,8,17,3,5,0
553,6,66,10,17,3,6,0
554,12,158,15,17,1,6,0
555,1,25,25,17,1,7,0
556,4,35,10,17,3,5,0
557,22,195,14,17,1,5,0
558,3,37,15,17,2,6,0
559,18,164,10,17,4,6,0
560,4,35,5,17,3,6,0
561,1,15,15,17,1,6,0
562,12,108,12,17,3,5,0
563,31,260,10,17,4,5,0
564,1,15,15,17,1,6,1
565,8,210,39,17,2,7,0
566,1,50,50,17,1,7,0
567,25,337,18,17,1,6,0
568,8,44,6,17,4,4,0
569,2,35,25,17,1,7,0
570,2,35,25,17,1,7,0
571,7,56,15,17,1,6,0
572,19,81,6,17,4,4,0
573,1,25,25,17,1,7,0
574,21,380,25,17,1,7,0
575,5,58,16,17,1,6,0
576,1,20,20,17,1,6,0
577,9,130,25,17,1,7,0
578,5,105,25,17,3,7,0
579,2,30,20,17,1,6,0
580,4,52,16,16,1,6,1
581,3,25,5,16,2,6,1
582,15,77,5,16,3,4,1
583,24,170,11,16,2,5,1
584,13,196,20,16,2,6,1
585,3,37,15,16,1,6,1
586,7,129,25,16,1,7,1
587,2,30,20,16,2,6,1
588,21,311,22,16,1,6,1
589,13,66,10,16,3,5,1
590,7,60,15,16,1,6,1
591,14,74,5,16,3,4,1
592,8,76,15,16,2,6,1
593,7,80,15,16,2,6,1
594,1,15,15,16,1,6,1
595,16,203,16,16,2,6,1
596,15,77,10,16,3,5,1
597,5,100,25,16,1,7,1
598,10,158,21,16,3,7,1
599,2,25,20,16,1,6,1
600,16,138,10,16,4,5,1
601,12,106,10,16,2,5,1
602,13,134,12,16,2,5,1
603,4,69,22,16,1,6,1
604,24,267,10,16,1,5,1
605,20,65,3,16,3,4,1
606,8,49,10,16,3,5,1
607,2,45,25,16,1,7,1
608,7,62,11,16,4,5,1
609,8,104,20,16,1,6,1
610,14,149,10,16,4,6,1
611,13,111,11,16,2,5,1
612,6,53,11,16,3,5,1
613,6,39,10,16,3,5,1
614,24,215,11,16,2,5,1
615,12,50,4,16,4,4,1
616,2,35,20,16,2,6,1
617,23,107,3,16,3,4,1
618,12,208,45,16,1,7,1
619,10,98,12,16,2,5,1
620,6,34,6,16,3,5,1
621,15,128,10,16,2,5,1
622,1,20,20,16,1,6,1
623,9,119,15,16,3,6,0
624,5,49,10,16,4,5,0
625,3,30,10,16,3,5,1
626,2,30,20,16,1,6,0
627,4,42,10,16,4,5,0
628,2,26,16,16,1,6,0
629,7,86,15,16,1,6,0
630,3,41,15,16,2,6,0
631,3,65,10,16,3,7,0
632,2,30,20,16,1,6,0
633,12,177,20,16,1,6,0
634,2,30,15,16,1,6,0
635,49,277.28,5,16,3,4,0
636,34,168.04,8,16,3,5,0
637,36,183,5,16,4,4,0
638,46,361,16,16,3,5,0
639,7,139,27,16,1,7,0
640,28,100,5,16,3,4,0
641,2,30,20,16,1,6,0
642,8,136,25,16,1,7,0
643,29,106,3,16,4,4,0
644,2,40,20,16,1,6,0
645,18,220,10,16,3,6,1
646,2,25,20,16,2,6,0
647,5,30,10,16,4,5,0
648,16,114,10,16,2,5,0
649,7,62,15,16,1,6,0
650,7,34,10,16,3,5,0
651,5,67,20,16,1,6,0
652,4,44,15,16,1,6,0
653,4,100,35,16,1,7,0
654,10,90,10,16,2,5,0
655,12,84,12,16,4,5,0
656,3,41,11,16,2,7,0
657,17,156,10,16,2,5,0
658,1,20,20,16,1,6,0
659,8,112,21,16,1,6,0
660,8,61,25,16,2,7,0
661,6,58,15,16,2,6,0
662,19,92,7,16,2,5,0
663,4,47,25,16,1,7,0
664,27,104,3,16,3,4,0
665,16,110,5,16,2,5,0
666,4,35,10,16,3,5,0
667,18,122,9,16,3,4,0
668,1,20,20,16,1,6,0
669,9,98,15,16,2,6,0
670,24,144,10,16,1,5,0
671,5,52,15,16,2,6,0
672,4,51,15,16,1,6,0
673,6,75,20,16,2,6,0
674,7,86,16,16,2,6,0
675,16,325,30,16,1,7,0
676,9,88,15,16,1,6,0
677,10,106,15,16,1,6,0
678,2,25,20,16,2,6,0
679,8,154,35,16,1,7,0
680,24,155,20,16,4,6,0
681,12,48,10,16,2,5,0
682,4,49,20,16,1,6,0
683,25,93,5,16,3,4,1
684,11,100,10,16,3,5,0
685,2,25,15,16,1,6,0
686,2,40,20,16,2,6,0
687,5,57,15,16,1,6,0
688,18,96,5,16,2,5,0
689,1,20,20,16,1,6,0
690,17,91,5,16,2,7,0
691,12,155,13,16,3,6,0
692,2,20,15,16,2,6,0
693,12,132,20,16,1,6,1
694,1,25,25,16,1,7,0
695,6,630,200,16,1,7,0
696,7,61,11,16,3,5,0
697,2,25,20,16,1,6,0
698,43,264,10,16,4,5,0
699,2,30,20,16,1,6,0
700,2,26,16,16,1,6,0
701,8,141,35,16,1,7,0
702,1,15,15,16,1,6,0
703,10,147,20,16,3,6,0
704,9,170,20,16,3,6,0
705,15,144,12,16,2,5,0
706,9,61.15,15,16,1,6,0
707,16,241,20,16,2,6,0
708,17,139.2,12,16,1,5,0
709,22,263,20,16,1,6,0
710,21,276,10,16,3,5,0
711,2,30,15,16,1,6,0
712,3,38,20,16,1,6,0
713,16,119,10,16,3,5,0
714,3,29,15,16,1,6,0
715,6,56,20,16,1,6,0
716,4,100,25,16,2,7,0
717,27,810,50,16,2,7,0
718,14,126,17,16,1,6,0
719,4,33,8,16,4,5,0
720,3,22,6,16,3,5,0
721,15,126,15,16,3,6,0
722,7,41,7,16,4,4,0
723,3,55,25,16,2,7,0
724,2,26,16,16,1,6,0
725,2,30,20,16,1,6,0
726,19,200,15,16,1,6,1
727,4,60,18,16,2,6,0
728,2,35,25,16,1,7,0
729,18,192,11,16,1,5,0
730,16,135,20,16,2,6,0
731,25,99,11,16,2,5,0
732,9,94,12,16,4,6,0
733,7,88,21,16,1,6,0
734,8,119,20,16,2,6,0
735,16,673,25,16,4,7,0
736,25,334,30,16,2,7,0
737,12,123,20,16,1,6,0
738,2,20,15,16,1,6,0
739,6,88,20,16,2,6,0
740,4,71,25,16,2,7,0
741,22,169,15,16,1,6,0
742,3,38,16,16,1,6,0
743,24,125,7,16,4,5,0
744,8,49,7,16,3,5,0
745,10,103,11,16,3,5,0
746,9,88,10,16,3,5,0
747,6,345,65,16,1,7,0
748,8,37,11,16,4,5,0
749,2,35,25,16,2,7,0
750,2,26,16,16,1,6,0
751,5,85,25,16,2,7,0
752,14,112,6,15,2,6,1
753,15,162,15,15,3,6,1
754,21,105,25,15,2,7,1
755,8,122,25,15,2,7,1
756,9,81,10,15,3,5,1
757,3,100,50,15,2,7,1
758,16,95,10,15,3,5,1
759,6,85,10,15,4,6,1
760,34,102,5,15,4,4,1
761,6,40,5,15,4,4,1
762,5,78,20,15,3,6,1
763,5,83,19,15,3,6,1
764,6,60,15,15,3,6,1
765,4,47,25,15,1,7,1
766,14,93,10,15,2,5,1
767,6,62,15,15,2,6,1
768,16,200,18,15,3,6,1
769,8,111,20,15,4,6,1
770,21,241,14,15,1,5,1
771,4,48,13,15,3,5,1
772,5,49,12,15,3,5,1
773,5,56,15,15,1,6,1
774,18,170,10,15,3,6,1
775,6,34,7,15,4,4,1
776,15,220,25,15,1,7,1
777,12,85,5,15,3,5,1
778,18,153,12,15,1,5,1
779,6,35,10,15,3,5,1
780,9,65,7,15,4,4,1
781,8,64.68,10,15,2,6,1
782,2,30,10,15,2,6,1
783,2,20,15,15,1,6,1
784,4,28,8,15,3,5,1
785,8,74,12,15,2,5,1
786,6,55,23,15,1,6,1
787,7,67,15,15,1,6,1
788,8,62,8,15,4,5,1
789,13,112,15,15,1,6,1
790,17,109,10,15,3,5,1
791,13,61,5,15,3,5,1
792,19,61,6,15,4,4,1
793,11,83,12,15,2,5,1
794,15,64,10,15,3,5,1
795,5,77,19,15,1,6,1
796,7,109,23,15,3,6,1
797,9,55,7,15,4,5,1
798,18,188,10,15,2,6,1
799,17,144,10,15,1,5,1
800,6,57,15,15,3,6,1
801,14,67,5,15,3,4,1
802,3,30,13,15,3,5,1
803,6,73,15,15,1,6,1
804,25,265,20,15,2,6,1
805,23,111,4,15,4,4,1
806,5,50,15,15,1,6,1
807,20,99,6,15,3,4,1
808,8,148,24,15,1,6,1
809,26,184,9,15,3,5,1
810,21,249,17,15,1,6,1
811,12,159,10,15,2,5,1
812,3,35,15,15,1,6,1
813,12,132,10,15,2,5,1
814,17,114,10,15,1,5,1
815,20,83,6,15,4,4,1
816,6,72,10,15,2,6,1
817,5,43,15,15,2,6,1
818,5,35,10,15,3,5,1
819,4,26,8,15,3,5,1
820,13,173,10,15,2,5,1
821,15,236,21,15,1,6,1
822,7,29,4,15,4,4,1
823,11,122,17,15,1,6,1
824,13,150,16,15,4,6,1
825,10,133,14,15,2,5,1
826,7,45,7,15,4,4,1
827,12,117,10,15,2,5,1
828,4,35,10,15,3,5,1
829,6,45,15,15,1,6,1
830,11,87,9,15,4,6,1
831,14,161,22,15,3,6,1
832,2,51,28,15,1,7,1
833,7,94,22,15,1,6,1
834,19,67,10,15,1,5,1
835,21,255,25,15,2,7,1
836,3,32,20,15,1,6,1
837,12,91,10,15,2,5,1
838,6,43,10,15,3,5,1
839,5,97,25,15,1,7,1
840,18,116,10,15,3,5,1
841,10,74,10,15,4,5,1
842,4,27,11,15,3,5,1
843,12,102,7,15,3,4,1
844,16,74,12,15,1,5,1
845,2,50,25,15,1,7,1
846,13,107,10,15,3,5,1
847,40,832,25,15,3,7,1
848,14,49,4,15,4,4,1
849,12,87,12,15,2,5,1
850,4,67,25,15,2,7,1
851,12,72,6,15,4,4,1
852,14,85,10,15,4,5,1
853,14,163,18,15,2,6,1
854,5,39,8,15,4,5,1
855,10,128,15,15,2,6,1
856,6,40,10,15,3,5,1
857,11,134,20,15,1,6,0
858,12,252,40,15,3,7,0
859,13,240,25,15,1,7,0
860,24,243,15,15,3,6,0
861,3,52,22,15,1,6,1
862,7,66,15,15,3,6,0
863,5,34,7,15,4,5,0
864,5,97,35,15,1,7,0
865,14,122,15,15,1,6,0
866,13,145,15,15,1,6,0
867,6,135,25,15,1,7,0
868,11,106,10,15,2,5,0
869,10,132,17,15,1,6,0
870,12,108,12,15,2,5,0
871,8,74,10,15,3,5,0
872,25,402,30,15,3,7,0
873,3,33,17,15,1,6,0
874,4,36,10,15,3,5,0
875,2,25,20,15,1,6,0
876,2,25,20,15,1,6,0
877,14,92,10,15,2,5,0
878,29,116,10,15,2,5,0
879,13,99,10,15,2,5,0
880,4,30,9,15,3,5,0
881,9,110,15,15,4,6,0
882,7,118,20,15,2,6,0
883,11,113,20,15,2,6,0
884,24,324,22,15,1,6,0
885,30,225,10,15,1,5,0
886,16,145,12,15,3,5,0
887,33,100,5,15,4,4,0
888,36,298,15,15,1,6,0
889,6,100,20,15,1,6,0
890,15,98,10,15,4,5,1
891,12,82,9,15,4,5,0
892,2,30,20,15,1,6,0
893,6,28,6,15,4,4,0
894,12,110,10,15,3,5,0
895,13,346.04,42,15,2,7,0
896,27,202,8,15,4,5,0
897,18,277,20,15,4,6,0
898,4,40,10,15,3,5,1
899,19,83,7,15,4,4,0
900,13,150,15,15,2,7,0
901,10,142,20,15,1,6,0
902,17,256,20,15,2,6,0
903,14,94,7,15,4,4,0
904,13,93,20,15,2,6,1
905,8,111,25,15,1,7,0
906,30,190,6,15,4,4,0
907,8,59,10,15,3,5,0
908,21,227,10,15,1,5,0
909,33,1261,25,15,2,7,0
910,10,62,10,15,3,5,1
911,26,129,9,15,4,5,0
912,2,18,15,15,2,6,0
913,4,67,25,15,1,7,0
914,4,40,15,15,1,6,0
915,1,20,20,15,1,6,0
916,3,33,17,15,1,6,0
917,11,90,8,15,3,4,0
918,2,25,15,15,1,6,0
919,14,494,50,15,3,7,0
920,11,116,12,15,2,5,0
921,12,106,10,15,2,6,0
922,5,100,20,15,2,7,0
923,3,42,20,15,2,6,0
924,6,29,3,15,3,5,0
925,8,135,20,15,1,6,0
926,7,75,15,15,1,6,0
927,11,98,13,15,3,6,0
928,4,47,20,15,1,6,0
929,2,52,27,15,1,7,0
930,31,304,15,15,4,6,0
931,8,120,20,15,1,6,0
932,13,100,15,15,2,6,0
933,9,80,11,15,4,6,0
934,4,41,17,15,1,6,0
935,24,204,11,15,3,5,0
936,3,50,25,15,1,7,1
937,25,321,18,15,4,6,0
938,1,25,25,15,1,7,0
939,5,62,15,15,2,6,0
940,6,82,17,15,1,6,0
941,6,137,50,15,3,7,0
942,3,38,16,15,1,6,0
943,3,40,25,15,1,7,0
944,3,45,15,15,1,6,0
945,8,127,40,15,1,7,0
946,10,64,10,15,3,5,0
947,7,67,10,15,4,6,0
948,9,100,14,15,4,6,0
949,3,52,30,15,2,7,0
950,7,57,11,15,3,5,0
951,13,112,25,15,4,7,0
952,4,52,25,15,2,7,0
953,37,146,3,15,3,4,0
954,8,85,16,15,2,6,0
955,6,77,50,15,2,7,0
956,4,35,10,15,3,5,0
957,8,111,32,15,1,7,0
958,5,39,9,15,3,5,1
959,2,40,20,15,1,6,0
960,21,154,16,15,1,6,0
961,21,187,10,15,2,5,0
962,20,120,12,15,1,5,0
963,21,242,16,15,4,6,0
964,4,49,15,15,2,6,0
965,9,128,25,15,2,7,0
966,17,75,3,15,3,4,0
967,4,50,20,15,1,6,0
968,10,60,10,15,3,5,0
969,4,65,25,15,2,7,0
970,12,112,10,15,2,5,0
971,9,82,15,15,3,6,0
972,14,69,10,15,2,5,0
973,9,50,8,15,4,4,0
974,4,62,20,15,1,6,0
975,18,99,9,15,2,5,0
976,6,92,5,15,2,7,0
977,3,44,28,15,1,7,0
978,13,56,10,15,2,5,0
979,7,84,30,15,1,7,0
980,6,70,10,15,2,6,0
981,8,122,25,15,1,7,0
982,17,62,10,15,2,5,0
983,8,83,11,15,3,5,0
984,4,80,15,15,1,6,0
985,7,39,5,15,4,4,0
986,6,101,25,15,1,7,0
987,12,197,25,15,2,7,0
988,9,48,10,15,3,5,0
989,2,21,6,15,2,6,0
990,7,64,15,15,1,6,0
991,13,111,17,15,1,6,0
992,19,95,7,15,3,4,0
993,7,61,15,15,1,6,0
994,15,93,6,15,4,4,0
995,11,90,9,15,4,5,0
996,21,384,25,15,1,7,0
997,6,117,25,15,1,7,0
998,6,110,25,15,2,7,0
999,13,100,5,15,4,5,0
1000,1,15,15,15,1,6,0
1001,43,115,9,15,4,4,1
1002,16,177,10,15,2,5,0
1003,8,79,20,15,1,6,0
1004,4,75,20,15,2,7,0
1005,2,20,15,15,1,6,0
1006,22,90,10,15,2,5,0
1007,7,132,25,15,3,7,0
1008,7,88,15,15,2,6,0
1009,9,264,44,15,2,7,0
1010,24,96,3,15,3,4,0
1011,17,65,10,15,2,5,0
1012,3,51,19,15,1,6,0
1013,9,132,25,15,1,7,0
1014,3,27,15,15,1,6,0
1015,8,59,15,15,1,6,0
1016,6,75,15,15,3,6,0
1017,9,168,15,15,1,6,0
1018,5,40,10,15,3,5,0
1019,19,132,10,15,2,5,0
1020,13,73,6,15,4,4,0
1021,13,144.9,19,15,2,6,0
1022,29,84,6,15,4,4,0
1023,6,55,10,15,4,5,0
1024,9,90,10,15,2,5,0
1025,15,230,20,15,2,7,0
1026,14,128,12,15,1,5,0
1027,14,151,18,15,2,6,0
1028,5,142,20,15,1,7,0
1029,3,75,40,15,1,7,0
1030,21,222,20,15,1,6,0
1031,14,197,25,15,3,7,0
1032,5,29,10,15,3,5,0
1033,4,48,15,15,2,6,0
1034,3,38,16,15,1,6,0
1035,8,118,25,15,1,7,0
1036,9,229,50,15,1,7,0
1037,9,83,16,15,1,6,0
1038,6,76,10,15,2,6,0
1039,3,37,15,15,1,6,0
1040,13,203,20,15,1,6,0
1041,7,70,10,15,3,6,0
1042,19,213,25,15,1,7,0
1043,15,134,13,15,2,5,0
1044,6,66,19,15,1,6,0
1045,6,104,20,15,3,6,0
1046,13,106,10,15,1,5,0
1047,8,93,15,15,2,6,0
1048,3,75,25,15,1,7,0
1049,3,55,10,15,2,7,0
1050,19,172,20,15,1,6,0
1051,5,74,21,15,1,6,0
1052,3,50,10,15,2,6,0
1053,6,95,25,15,1,7,0
1054,8,91,5,15,2,6,0
1055,10,94,10,15,3,5,0
1056,8,80,20,15,1,6,0
1057,5,60,20,15,1,6,0
1058,9,131,25,15,3,7,0
1059,2,25,15,15,2,6,0
1060,4,32,10,15,3,5,0
1061,4,51,15,15,1,6,0
1062,18,136,10,15,1,5,0
1063,5,77,30,15,1,7,0
1064,9,99,16,15,1,6,0
1065,12,155,10,15,2,5,0
1066,11,118,15,15,1,6,0
1067,9,124,21,15,2,6,0
1068,2,30,20,15,1,6,0
1069,9,80,20,15,1,6,0
1070,15,171,10,15,2,6,0
1071,5,53,15,15,1,6,0
1072,10,67,12,15,3,5,0
1073,25,269,17,15,2,6,0
1074,7,57,15,15,2,6,0
1075,14,94,12,15,1,5,0
1076,5,76,20,15,2,6,0
1077,4,34,10,15,4,5,0
1078,3,23,5,15,2,6,0
1079,15,137,20,15,3,6,0
1080,24,157,5,15,3,5,0
1081,2,105,100,15,1,7,0
1082,4,64,20,15,3,6,0
1083,29,256,12,15,3,5,0
1084,4,50,20,15,2,6,0
1085,17,81,7,15,4,4,0
1086,3,135,100,15,1,7,0
1087,3,35,20,15,1,6,0
1088,14,114,10,15,1,5,0
1089,11,85,20,15,1,6,0
1090,2,28,15,15,1,6,0
1091,17,375,30,15,2,7,0
1092,7,100,25,15,1,7,0
1093,3,42,20,15,1,6,0
1094,5,53,15,15,2,6,0
1095,3,35,20,15,1,6,0
1096,3,81,25,15,2,7,0
1097,17,139,12,15,1,5,0
1098,8,83,11,15,2,5,0
1099,2,25,15,15,1,6,0
1100,5,64,17,15,1,6,0
1101,10,125,10,15,2,5,0
1102,9,113,20,15,1,6,0
1103,8,141,20,15,1,6,0
1104,5,37,10,15,3,5,0
1105,9,110,15,15,2,6,0
1106,21,266,15,15,3,7,0
1107,7,92,16,15,1,6,1
1108,7,61,15,15,1,6,0
1109,2,25,15,15,1,6,0
1110,12,80,11,15,2,5,0
1111,9,93,15,15,1,6,0
1112,7,77,17,15,1,6,0
1113,16,209,20,15,4,7,0
1114,4,60,20,15,1,6,0
1115,10,120,16,15,2,6,0
1116,33,210.58,10,15,3,7,0
1117,5,45,12,15,3,5,0
1118,7,66,15,15,1,6,0
1119,5,53,15,15,1,6,0
1120,8,65,15,15,3,6,0
1121,4,35,15,15,2,6,1
1122,2,20,5,15,2,6,0
1123,11,143,22,15,1,6,0
1124,23,294,13,15,1,5,0
1125,13,163,25,15,1,7,0
1126,2,30,15,15,2,6,0
1127,15,98,10,15,2,5,0
1128,9,198,25,15,3,7,0
1129,5,63,18,15,1,6,0
1130,6,337,32,15,1,7,0
1131,10,109,18,15,1,6,0
1132,3,40,16,15,1,6,0
1133,16,202.62,20,15,1,6,0
1134,2,32,17,15,1,6,0
1135,39,352,10,15,3,5,0
1136,23,194,10,15,1,5,0
1137,6,100,31,15,2,7,0
1138,4,35,20,15,1,6,0
1139,11,86,10,15,2,6,0
1140,6,74,20,15,1,6,0
1141,4,65,20,15,3,7,0
1142,26,251,17,15,2,6,0
1143,9,76,20,15,1,6,0
1144,11,60,5,15,4,5,0
1145,9,29.6,3,15,4,4,1
1146,4,25,10,15,3,5,0
1147,17,188,15,15,2,7,0
1148,1,15,15,15,1,6,0
1149,3,45,25,15,2,7,0
1150,15,123,20,15,1,6,0
1151,2,20,15,15,2,6,0
1152,2,25,15,15,1,6,0
1153,6,34,6,15,4,5,0
1154,4,38,25,15,2,7,0
1155,11,83,10,15,3,5,0
1156,23,192,14,15,1,5,0
1157,12,247,20,15,4,7,1
1158,16,71,4,15,4,4,0
1159,3,35,10,15,2,6,0
1160,6,50,10,15,3,5,0
1161,18,171,13,15,1,5,0
1162,12,305,50,15,1,7,0
1163,24,132,6,15,4,4,0
1164,11,77,8,15,4,4,0
1165,20,169,11,15,1,5,0
1166,21,178,10,15,3,5,0
1167,3,70,20,15,2,7,0
1168,12,203,22,15,1,6,0
1169,17,102,11,15,4,5,0
1170,33,159,7,14,4,4,1
1171,16,79,5,14,4,4,1
1172,3,30,10,14,2,6,1
1173,35,175,5,14,4,4,1
1174,3,45,20,14,1,6,1
1175,15,189,10,14,4,6,1
1176,9,81,12,14,3,6,1
1177,5,90,25,14,2,7,1
1178,1,15,15,14,1,6,1
1179,22,197,12,14,1,5,1
1180,11,145,20,14,2,6,1
1181,3,70,25,14,1,7,1
1182,54,131.75,3,14,4,4,1
1183,3,26,10,14,3,5,1
1184,1,53,53,14,1,7,1
1185,23,122,5,14,3,4,1
1186,1,15,15,14,1,6,1
1187,17,53,2,14,4,4,1
1188,2,36,21,14,2,6,1
1189,5,47,15,14,4,6,1
1190,2,26,16,14,2,6,1
1191,21,97,5,14,4,4,1
1192,7,18,5,14,4,4,1
1193,8,64,10,14,4,5,1
1194,14,105,5,14,4,5,1
1195,10,104,25,14,2,7,1
1196,18,80,6,14,3,4,1
1197,17,68,5,14,3,4,1
1198,16,75,7,14,4,4,1
1199,22,176,5,14,3,6,1
1200,3,30,15,14,1,6,1
1201,5,65,20,14,4,6,1
1202,10,49,6,14,4,4,1
1203,3,60,25,14,1,7,1
1204,7,79,12,14,2,6,1
1205,27,119,7,14,3,4,1
1206,5,74,30,14,1,7,1
1207,8,61,10,14,3,5,1
1208,1,15,15,14,1,6,1
1209,7,49,7,14,4,5,1
1210,11,114,13,14,2,5,1
1211,14,73,7,14,3,4,1
1212,11,93,10,14,2,5,1
1213,8,66,9,14,4,5,1
1214,9,60,6,14,4,4,1
1215,7,32,5,14,4,4,1
1216,12,93,10,14,3,5,1
1217,15,291,12,14,1,6,1
1218,7,43,6,14,4,5,1
1219,19,114,9,14,3,5,1
1220,14,75,5,14,4,4,1
1221,12,38,5,14,4,4,1
1222,6,60,18,14,1,6,1
1223,5,57,10,14,3,6,1
1224,7,63,10,14,1,6,1
1225,13,53,4,14,4,4,1
1226,1,20,20,14,1,6,1
1227,1,25,25,14,1,7,1
1228,10,97,20,14,1,6,1
1229,8,57,10,14,3,5,1
1230,12,216,25,14,1,7,1
1231,19,76,2,14,4,4,1
1232,1,15,15,14,1,6,1
1233,4,52,21,14,1,6,1
1234,16,86,5,14,4,4,1
1235,14,103,10,14,2,5,1
1236,18,87,5,14,3,4,1
1237,1,15,15,14,1,6,1
1238,1,25,25,14,1,7,0
1239,3,29,15,14,2,6,1
1240,2,20,15,14,1,6,0
1241,25,91,5,14,3,4,0
1242,1,20,20,14,1,6,0
1243,10,94,16,14,1,6,0
1244,4,115,35,14,2,7,0
1245,5,51,11,14,4,5,1
1246,7,40,5,14,4,5,0
1247,1,15,15,14,1,6,0
1248,14,350,25,14,1,7,0
1249,6,92,10,14,1,6,0
1250,2,125,100,14,1,7,0
1251,16,87,7,14,4,4,1
1252,17,248,10,14,1,5,1
1253,9,94,16,14,1,6,0
1254,1,30,30,14,1,7,0
1255,1,25,25,14,1,7,0
1256,5,60,10,14,2,6,0
1257,22,172,10,14,3,6,0
1258,36,72,1,14,4,4,0
1259,12,114,10,14,2,5,0
1260,22,255,12,14,2,5,0
1261,4,44,17,14,1,6,1
1262,1,25,25,14,1,7,0
1263,1,15,15,14,1,6,0
1264,23,141,9,14,4,4,0
1265,7,104,25,14,3,7,0
1266,9,79,20,14,2,6,0
1267,31,108,5,14,4,4,0
1268,32,262,10,14,4,6,0
1269,6,74,15,14,1,6,0
1270,7,62,15,14,1,6,0
1271,2,28,20,14,2,6,0
1272,9,117,20,14,2,7,0
1273,11,85,10,14,4,5,0
1274,21,307,10,14,3,5,0
1275,46,284,7,14,4,4,0
1276,8,106,15,14,1,6,0
1277,3,60,25,14,3,7,0
1278,19,146,10,14,2,5,0
1279,12,1456,200,14,1,7,0
1280,4,46,20,14,3,6,0
1281,9,125,25,14,1,7,0
1282,6,90,15,14,1,6,0
1283,3,42,17,14,1,6,0
1284,7,119,20,14,3,6,0
1285,1,30,30,14,1,7,1
1286,24,152,10,14,1,5,0
1287,21,196,20,14,1,6,0
1288,3,55,25,14,1,7,0
1289,1,15,15,14,1,6,0
1290,6,29,5,14,4,4,0
1291,4,32,10,14,4,5,0
1292,9,104,16,14,1,6,0
1293,3,25,10,14,3,5,0
1294,2,45,25,14,1,7,0
1295,16,78,7,14,4,4,0
1296,6,78,16,14,1,6,0
1297,1,20,20,14,1,6,0
1298,25,114,5,14,3,4,0
1299,1,20,20,14,1,6,0
1300,1,23,23,14,1,6,1
1301,1,25,25,14,1,7,0
1302,5,69,16,14,3,6,0
1303,9,101,14,14,4,5,0
1304,16,84,10,14,1,5,0
1305,22,105,7,14,4,4,0
1306,11,98,10,14,3,5,0
1307,5,76,20,14,1,6,0
1308,1,20,20,14,1,6,0
1309,3,35,18,14,2,6,0
1310,8,105,15,14,1,6,0
1311,1,20,20,14,1,6,0
1312,1,25,25,14,1,7,0
1313,13,98,12,14,2,5,0
1314,23,132,10,14,4,5,1
1315,4,44,12,14,3,6,0
1316,11,172,25,14,2,7,0
1317,7,48,8,14,4,4,0
1318,37,151.5,4,14,3,4,0
1319,4,30,10,14,3,5,1
1320,12,142,10,14,3,6,0
1321,1,17,17,14,1,6,0
1322,13,120,15,14,2,6,0
1323,17,53,5,14,3,4,1
1324,4,78,25,14,1,7,0
1325,8,39,7,14,4,4,0
1326,10,86,10,14,2,5,0
1327,16,78,10,14,1,5,0
1328,13,159,15,14,1,6,0
1329,4,52,20,14,1,6,0
1330,7,95,25,14,1,7,0
1331,10,40,10,14,3,5,0
1332,1,25,25,14,1,7,0
1333,8,93,18,14,2,6,0
1334,3,31,15,14,1,6,0
1335,27,108.5,6,14,3,4,0
1336,1,20,20,14,1,6,0
1337,18,176,15,14,2,6,0
1338,4,65,25,14,1,7,0
1339,1,20,20,14,1,6,0
1340,19,202,12,14,1,5,0
1341,3,32,20,14,1,6,0
1342,1,28,28,14,1,7,0
1343,4,85,30,14,1,7,0
1344,18,128,13,14,3,5,0
1345,10,101,10,14,3,5,0
1346,7,158,29,14,3,7,0
1347,12,145,15,14,4,6,0
1348,14,81,5,14,3,4,0
1349,6,52,10,14,3,5,0
1350,19,191,15,14,2,6,0
1351,2,70,50,14,2,7,0
1352,12,155,20,14,1,6,0
1353,9,156,27,14,1,7,0
1354,1,25,25,14,1,7,0
1355,16,112,13,14,1,5,0
1356,2,40,30,14,1,7,0
1357,1,15,15,14,1,6,0
1358,1,15,15,14,1,6,0
1359,22,104,5,14,3,4,0
1360,20,159,10,14,1,5,0
1361,10,76,11,14,3,5,1
1362,8,65,10,14,4,5,1
1363,5,41,5,14,4,5,0
1364,9,63,15,14,2,6,0
1365,5,71,17,14,1,6,0
1366,3,26,10,14,3,5,0
1367,14,141,10,14,2,5,0
1368,8,210,30,14,1,7,0
1369,12,103.5,25,14,1,7,0
1370,3,44,20,14,1,6,1
1371,32,135.5,5,14,4,4,0
1372,2,30,20,14,2,6,0
1373,7,77,10,14,3,5,0
1374,12,104,10,14,2,5,0
1375,2,25,15,14,2,6,0
1376,8,48,10,14,3,5,0
1377,5,58,25,14,1,7,0
1378,12,58,7,14,4,4,1
1379,1,15,15,14,1,6,0
1380,15,78,10,14,2,5,0
1381,11,89,25,14,2,7,0
1382,2,45,25,14,1,7,0
1383,12,61,5,14,4,4,0
1384,23,114,10,14,1,5,0
1385,25,146,7,14,3,4,0
1386,11,100,10,14,4,5,0
1387,23,190,15,14,1,6,0
1388,21,106,5,14,4,4,0
1389,1,20,20,14,1,6,0
1390,5,60,20,14,1,6,0
1391,4,45,12,14,2,6,0
1392,11,124,25,14,2,7,0
1393,13,164,17,14,1,6,0
1394,8,39,5,14,4,4,0
1395,13,137,25,14,2,7,0
1396,31,548,20,14,4,7,0
1397,21,351,50,14,1,7,0
1398,4,54,15,14,2,6,0
1399,9,113,20,14,2,6,0
1400,14,273,30,14,3,6,0
1401,4,34,20,14,2,6,0
1402,3,50,25,14,2,7,0
1403,12,35,3,14,4,4,1
1404,8,80,10,14,3,5,0
1405,1,50,50,14,1,7,0
1406,10,137,21,14,1,6,0
1407,12,106,3,14,4,5,0
1408,13,80,8,14,4,4,0
1409,1,20,20,14,1,6,0
1410,1,25,25,14,1,7,0
1411,4,46,10,14,2,6,0
1412,5,72,25,14,1,7,0
1413,1,25,25,14,1,7,0
1414,13,103,5,14,4,6,1
1415,3,22,10,14,3,5,0
1416,2,25,15,14,2,6,0
1417,20,147,11,14,2,5,1
1418,12,204,20,14,4,6,0
1419,13,115,12,14,2,5,0
1420,8,115,54,14,3,7,0
1421,7,70,13,14,3,5,0
1422,4,35,10,14,3,5,0
1423,14,114,10,14,2,5,0
1424,2,25,15,14,2,6,0
1425,16,56,5,14,4,4,0
1426,12,91,12,14,3,5,0
1427,5,38,10,13,3,5,1
1428,2,25,10,13,2,6,1
1429,5,190,60,13,3,7,1
1430,9,68,10,13,4,5,1
1431,6,57,11,13,4,5,1
1432,6,52,10,13,3,5,1
1433,1,25,25,13,1,7,1
1434,2,23,15,13,2,6,1
1435,10,152,18,13,4,6,1
1436,21,125,7,13,4,4,1
1437,13,66,5,13,4,4,1
1438,10,96,15,13,2,6,1
1439,5,29,6,13,4,5,1
1440,5,103.19,25,13,3,7,1
1441,9,49,5,13,4,5,1
1442,16,157,11,13,2,5,1
1443,5,45,10,13,3,5,1
1444,5,45,15,13,2,6,1
1445,31,119,3,13,3,4,1
1446,6,68,13,13,4,6,1
1447,18,345,25,13,3,7,1
1448,24,135,10,13,2,5,1
1449,8,71,10,13,4,5,1
1450,13,64,7,13,4,4,1
1451,9,118,25,13,1,7,1
1452,4,28,8,13,3,5,1
1453,4,38,15,13,1,6,1
1454,5,61,15,13,2,6,1
1455,28,228,10,13,2,5,1
1456,2,50,25,13,1,7,1
1457,12,118,10,13,2,5,1
1458,7,212,40,13,3,7,1
1459,17,80,5,13,3,4,1
1460,10,108,10,13,2,5,1
1461,1,25,25,13,1,7,1
1462,7,88,14,13,4,6,1
1463,10,73,10,13,2,5,1
1464,41,427,11,13,4,5,1
1465,11,55,5,13,4,4,1
1466,4,40,11,13,3,5,1
1467,36,295,11,13,1,5,1
1468,23,106,5,13,3,4,1
1469,20,121,7,13,4,4,1
1470,2,25,20,13,2,6,1
1471,5,33,10,13,4,5,1
1472,6,84,20,13,4,6,1
1473,4,55,15,13,4,6,1
1474,11,50,5,13,4,4,1
1475,34,246,5,13,3,4,1
1476,11,86,15,13,1,6,1
1477,8,85,17,13,1,6,1
1478,3,37,15,13,2,6,1
1479,6,65,20,13,2,6,1
1480,12,67,7,13,4,5,1
1481,17,141,10,13,1,5,1
1482,17,80.25,9,13,3,4,1
1483,8,84,14,13,4,6,1
1484,1,25,25,13,1,7,1
1485,14,125,5,13,2,5,1
1486,5,55,15,13,1,6,1
1487,16,59,4,13,4,4,1
1488,1,25,25,13,1,7,1
1489,9,122,15,13,2,6,1
1490,1,15,15,13,1,6,1
1491,5,47,11,13,4,5,0
1492,17,158,10,13,2,5,0
1493,2,25,15,13,2,6,0
1494,2,20,15,13,2,6,0
1495,1,20,20,13,1,6,0
1496,5,50,15,13,2,6,0
1497,7,69,12,13,4,5,1
1498,4,28,10,13,3,5,1
1499,23,176,4,13,4,5,0
1500,24,125,10,13,4,5,0
1501,3,50,25,13,2,7,0
1502,2,35,25,13,2,7,0
1503,4,42,10,13,3,5,0
1504,4,41,20,13,1,6,0
1505,21,125,10,13,1,5,0
1506,45,546,20,13,4,6,0
1507,6,52,10,13,3,5,0
1508,5,36,8,13,3,5,1
1509,39,234,9,13,3,4,0
1510,11,217,35,13,2,7,0
1511,3,45,15,13,2,6,0
1512,35,426,17,13,1,6,0
1513,5,50,10,13,1,6,0
1514,10,135,30,13,1,7,0
1515,1,15,15,13,1,6,0
1516,1,25,25,13,1,7,0
1517,17,223,14,13,2,5,0
1518,36,123,6,13,4,4,0
1519,15,108,7,13,4,5,0
1520,2,100,50,13,2,7,0
1521,8,65,10,13,4,5,0
1522,12,162,25,13,1,7,0
1523,9,74,18,13,3,6,0
1524,1,15,15,13,1,6,0
1525,13,95,10,13,2,5,0
1526,3,22,7,13,3,5,0
1527,11,88,12,13,2,5,0
1528,2,29,6,13,2,6,0
1529,3,55,20,13,2,6,0
1530,5,52,20,13,3,6,0
1531,20,71,5,13,3,4,0
1532,1,15,15,13,1,6,0
1533,4,54,18,13,1,6,0
1534,20,149,11,13,2,5,0
1535,6,74,18,13,2,6,0
1536,4,25,5,13,3,5,0
1537,2,42,22,13,1,6,1
1538,2,25,20,13,2,6,0
1539,4,31,6,13,4,5,0
1540,1,15,15,13,1,6,0
1541,10,71,11,13,3,5,0
1542,1,20,20,13,1,6,0
1543,12,115,10,13,1,5,0
1544,3,35,15,13,1,6,0
1545,4,26,11,13,3,5,0
1546,14,132,12,13,1,5,0
1547,16,162,14,13,4,6,1
1548,15,79,5,13,3,4,0
1549,12,76,8,13,3,5,0
1550,2,28,15,13,1,6,1
1551,1,23,23,13,1,6,0
1552,7,110,25,13,2,7,0
1553,4,46,15,13,1,6,0
1554,6,90,16,13,2,6,0
1555,2,36,21,13,2,6,0
1556,1,15,15,13,1,6,0
1557,1,15,15,13,1,6,0
1558,13,104,14,13,2,5,0
1559,19,197,18,13,2,6,0
1560,2,25,15,13,2,6,0
1561,3,30,20,13,1,6,0
1562,9,112,15,13,2,6,0
1563,16,85,10,13,4,5,0
1564,11,176,20,13,2,6,0
1565,4,42,20,13,1,6,0
1566,7,46,10,13,3,5,0
1567,1,23,23,13,1,6,0
1568,13,118,20,13,1,6,0
1569,28,248,5,13,4,4,0
1570,9,76,10,13,3,5,0
1571,3,50,10,13,2,6,0
1572,1,15,15,13,1,6,0
1573,10,117,20,13,2,6,0
1574,3,40,20,13,1,6,0
1575,10,115,15,13,1,6,0
1576,16,114,17,13,2,6,0
1577,2,35,25,13,2,7,0
1578,18,158,12,13,2,5,0
1579,1,25,25,13,1,7,0
1580,5,65,10,13,2,6,0
1581,5,29,7,13,4,4,1
1582,18,67,6,13,4,4,0
1583,15,79,9,13,4,5,0
1584,1,15,15,13,1,6,0
1585,1,30,30,13,1,7,0
1586,12,139,10,13,1,5,0
1587,4,44,16,13,1,6,0
1588,6,54,9,13,3,5,0
1589,19,106,10,13,1,5,0
1590,1,20,20,13,1,6,0
1591,1,15,15,13,1,6,0
1592,5,42,15,13,1,6,0
1593,6,46,8,13,3,5,0
1594,26,562,20,13,1,6,0
1595,16,149,10,13,2,6,0
1596,9,150,20,13,1,6,0
1597,15,91,6,13,3,4,0
1598,7,33,5,13,4,4,0
1599,8,33,4,13,4,5,0
1600,7,92,20,13,1,6,0
1601,10,50,5,13,4,4,1
1602,6,99,20,13,3,6,0
1603,2,30,20,13,2,6,0
1604,1,15,15,13,1,6,1
1605,6,54,6,13,3,5,0
1606,24,104.5,4,13,3,4,0
1607,12,154,20,13,1,6,0
1608,4,91,26,13,3,7,0
1609,1,25,25,13,1,7,0
1610,1,25,25,13,1,7,0
1611,4,36,10,13,3,5,0
1612,5,38,10,13,3,5,1
1613,20,76,10,13,4,5,0
1614,2,50,25,13,2,7,0
1615,1,15,15,13,1,6,0
1616,6,85,20,13,3,6,0
1617,7,100,20,13,3,6,0
1618,1,20,20,13,1,6,0
1619,8,75,15,13,3,6,0
1620,10,135.25,35,13,1,7,0
1621,7,125,20,13,2,6,0
1622,3,31,11,13,3,6,0
1623,22,88,5,13,3,4,0
1624,1,15,15,13,1,6,0
1625,26,230,15,13,3,7,0
1626,8,67,10,13,4,5,0
1627,30,170,6,13,4,4,0
1628,8,195,25,13,2,7,0
1629,2,35,25,13,2,7,0
1630,30,275.5,9,13,2,5,0
1631,1,15,15,13,1,6,0
1632,1,15,15,13,1,6,0
1633,4,32,18,13,1,6,0
1634,19,160,10,13,3,7,0
1635,6,87,21,13,1,6,0
1636,1,25,25,13,1,7,0
1637,1,20,20,13,1,6,0
1638,24,142,10,13,3,5,1
1639,5,95,21,13,4,6,0
1640,3,55,20,13,3,7,0
1641,6,28,5,13,4,4,0
1642,4,46,17,13,2,6,0
1643,16,427,54,13,3,7,0
1644,8,86.06,20,13,2,6,0
1645,20,190,25,13,2,7,0
1646,8,107,10,13,2,5,0
1647,8,48.5,10,13,3,5,0
1648,1,20,20,13,1,6,0
1649,4,115,35,13,1,7,0
1650,29,167,5,13,4,5,0
1651,13,41,3,13,4,4,0
1652,7,227,40,13,4,7,0
1653,17,251,20,13,4,6,0
1654,1,20,20,12,1,6,1
1655,12,62,3,12,4,4,1
1656,17,245,20,12,4,6,1
1657,7,179,29,12,2,7,1
1658,5,24,3,12,4,5,1
1659,9,57,15,12,2,6,1
1660,22,263,13,12,4,6,1
1661,33,160,3,12,4,4,1
1662,11,126,15,12,3,6,1
1663,17,181,20,12,2,6,1
1664,3,55,25,12,1,7,1
1665,12,39,3,12,4,4,1
1666,26,117,3,12,3,4,1
1667,11,73,6,12,4,4,1
1668,15,119,8,12,4,5,1
1669,23,72.5,5,12,3,4,1
1670,2,28,25,12,1,7,1
1671,2,25,10,12,2,6,1
1672,2,21,6,12,2,6,1
1673,17,74,5,12,3,4,1
1674,20,265,25,12,2,7,1
1675,20,63,5,12,3,4,1
1676,2,21,6,12,2,6,1
1677,3,40,15,12,2,6,1
1678,9,128,20,12,4,6,1
1679,20,88,5,12,4,4,1
1680,1,20,20,12,1,6,1
1681,39,100.75,3,12,4,4,1
1682,18,94,6,12,3,4,1
1683,20,282,24,12,2,6,1
1684,23,223,12,12,3,5,1
1685,49,371,9,12,3,4,1
1686,11,112,14,12,2,5,1
1687,28,94,3,12,4,4,1
1688,1,20,20,12,1,6,1
1689,19,121,10,12,2,5,1
1690,26,159,5,12,4,5,1
1691,12,110,10,12,4,6,1
1692,77,619,14,12,2,5,1
1693,2,25,15,12,2,6,1
1694,13,103,10,12,3,5,1
1695,11,66,10,12,4,6,1
1696,3,42,18,12,1,6,1
1697,2,26,16,12,2,6,1
1698,3,47,15,12,2,6,1
1699,14,55,5,12,4,4,1
1700,5,61,14,12,3,6,1
1701,14,235,23,12,1,6,1
1702,26,273,16,12,1,6,1
1703,15,173,21,12,2,6,1
1704,21,224,18,12,3,6,1
1705,16,150,20,12,1,6,1
1706,4,44,17,12,2,6,1
1707,11,129,17,12,1,6,1
1708,6,31,10,12,3,5,1
1709,6,38,8,12,4,5,1
1710,27,179,15,12,2,6,1
1711,5,33,7,12,4,4,1
1712,16,76,3,12,4,4,1
1713,1,20,20,12,1,6,1
1714,30,224.5,10,12,3,6,1
1715,8,93,15,12,2,6,1
1716,6,107,10,12,2,6,1
1717,9,111,20,12,3,6,1
1718,14,169,15,12,3,6,1
1719,5,31,7,12,4,4,1
1720,7,35,5,12,4,4,1
1721,17,104,5,12,4,4,1
1722,13,163,15,12,2,6,1
1723,10,88,15,12,2,6,1
1724,24,229,12,12,4,5,0
1725,18,119,10,12,2,5,0
1726,15,88,10,12,1,5,1
1727,9,106,14,12,4,7,0
1728,2,40,20,12,2,6,0
1729,20,274,32,12,4,7,0
1730,3,50,20,12,2,6,0
1731,5,72,20,12,4,6,0
1732,6,125,25,12,3,7,0
1733,15,198,15,12,4,6,0
1734,14,118,10,12,1,5,0
1735,5,30,5,12,4,5,0
1736,4,25,11,12,3,5,0
1737,3,37,15,12,2,6,1
1738,1,23,23,12,1,6,0
1739,8,50,6,12,4,5,0
1740,13,144,10,12,4,6,0
1741,3,60,30,12,1,7,0
1742,11,320,45,12,2,7,0
1743,7,37,6,12,4,4,0
1744,23,131,10,12,3,6,0
1745,9,117,25,12,1,7,0
1746,1,15,15,12,1,6,0
1747,10,62,6,12,3,5,0
1748,9,148,10,12,2,6,0
1749,4,42,10,12,4,5,0
1750,11,101,10,12,2,5,0
1751,8,42,5,12,4,4,0
1752,35,222,6,12,4,4,0
1753,11,109,12,12,4,5,0
1754,3,64,22,12,1,6,0
1755,8,162,25,12,2,7,0
1756,25,217,16,12,1,6,0
1757,11,123,16,12,3,6,0
1758,12,113,10,12,2,5,0
1759,22,277.06,21,12,2,6,0
1760,12,98,10,12,2,5,0
1761,1,20,20,12,1,6,0
1762,12,110,10,12,2,5,0
1763,4,55,20,12,1,6,0
1764,11,96,10,12,2,5,1
1765,1,20,20,12,1,6,0
1766,5,43,20,12,2,6,0
1767,12,98,11,12,3,6,0
1768,3,23,7,12,3,5,0
1769,23,143,9,12,3,5,0
1770,2,30,25,12,1,7,0
1771,42,212,5,12,4,4,0
1772,6,69,10,12,2,6,0
1773,2,40,20,12,2,6,0
1774,6,38,8,12,4,4,0
1775,25,654,55,12,1,7,0
1776,14,160,10,12,1,5,0
1777,4,46,20,12,1,6,0
1778,4,37,10,12,2,6,0
1779,13,171,19,12,3,6,0
1780,13,118.7,12,12,3,5,0
1781,6,58,10,12,4,5,0
1782,11,45,10,12,3,5,0
1783,5,56,14,12,3,5,0
1784,3,16,3,12,3,5,0
1785,7,49,5,12,3,5,0
1786,8,165,24,12,4,7,0
1787,35,290,20,12,4,6,0
1788,14,97,7,12,4,4,0
1789,24,221,10,12,1,5,0
1790,1,20,20,12,1,6,0
1791,6,53,10,12,3,5,0
1792,6,55,11,12,4,5,0
1793,6,39,7,12,4,5,0
1794,41,94.55,5,12,4,4,0
1795,4,42,10,12,3,5,1
1796,2,38,20,12,2,6,0
1797,4,36,10,12,4,5,0
1798,9,116,20,12,1,6,0
1799,3,45,19,12,2,6,0
1800,27,133,5,12,3,4,0
1801,24,115,11,12,4,5,0
1802,5,40,10,12,3,5,0
1803,36,155,5,12,4,4,0
1804,16,85,8,12,3,4,0
1805,10,64,6,12,4,4,0
1806,9,240,50,12,2,7,0
1807,1,15,15,12,1,6,0
1808,4,57,15,12,2,6,0
1809,1,15,15,12,1,6,0
1810,29,173,7,12,2,5,0
1811,13,151,10,12,2,5,0
1812,15,112,15,12,1,6,0
1813,21,352,30,12,2,7,0
1814,12,127,15,12,3,6,0
1815,12,78,7,12,4,4,0
1816,11,35,2,12,4,4,0
1817,2,50,25,12,1,7,0
1818,2,45,25,12,1,7,0
1819,5,80,10,12,3,7,1
1820,7,54,9,12,3,5,0
1821,24,117,5,12,4,5,0
1822,8,45,7,12,3,5,0
1823,10,80,12,12,2,5,0
1824,10,68,10,12,3,5,0
1825,7,47,3,12,4,4,0
1826,5,46,10,12,4,5,0
1827,18,107,15,12,4,6,1
1828,3,51,21,12,1,6,0
1829,3,44,18,12,1,6,0
1830,29,406,25,12,3,7,0
1831,13,136,10,12,3,6,0
1832,13,35,10,12,2,5,0
1833,1,20,20,12,1,6,0
1834,15,230,15,12,1,6,0
1835,2,20,15,12,2,6,0
1836,20,61.5,3,12,3,4,0
1837,2,30,20,12,2,6,0
1838,6,48,10,12,3,5,0
1839,9,68,10,12,4,5,1
1840,7,66,15,12,1,6,1
1841,5,47,15,12,1,6,0
1842,7,45,7,12,4,4,0
1843,3,51,25,12,2,6,0
1844,13,71,6,12,4,4,0
1845,27,145,4,12,3,4,0
1846,2,28,25,12,2,7,0
1847,3,23,10,12,3,5,0
1848,9,172,25,12,3,7,0
1849,3,32,12,12,3,5,1
1850,11,157,10,12,2,6,0
1851,5,32,6,12,4,5,0
1852,11,130,14,12,3,6,0
1853,5,44,11,12,3,5,0
1854,43,175,6,12,4,4,1
1855,13,109,10,12,2,6,0
1856,16,131.5,8,12,4,4,0
1857,21,110,5,12,4,4,0
1858,6,36,6,12,3,5,0
1859,9,52,5,12,4,4,0
1860,8,89,20,12,1,6,0
1861,3,26,10,12,3,5,0
1862,2,25,15,12,2,6,0
1863,21,162,9,12,3,5,0
1864,19,131,8,12,4,4,0
1865,7,47.98,6,12,3,5,0
1866,12,112,12,12,3,5,0
1867,3,49,17,12,2,6,0
1868,11,91,12,12,2,5,0
1869,21,81,2,12,4,4,0
1870,3,30,10,12,3,5,0
1871,19,137,8,12,4,5,0
1872,17,108,10,12,2,5,1
1873,6,76,20,12,1,6,0
1874,7,125,25,12,1,7,0
1875,6,69,14,12,3,6,0
1876,11,116,16,12,2,6,0
1877,12,126,10,12,1,5,0
1878,13,285,20,12,2,6,0
1879,24,195,10,12,2,5,0
1880,3,50,20,12,3,6,0
1881,4,42,12,12,2,6,0
1882,16,160,12,12,1,5,0
1883,3,32,10,12,3,5,0
1884,11,80.9,10,12,4,5,0
1885,6,80,20,12,2,6,0
1886,2,25,10,12,2,6,0
1887,20,157,10,12,1,5,0
1888,7,74,10,12,3,5,0
1889,3,30,10,11,1,6,0
1890,8,52,7,11,3,5,0
1891,20,585,40,11,1,7,0
1892,21,192,10,11,1,5,0
1893,34,165,5,11,3,4,0
1894,23,249,10,11,1,5,0
1895,23,172,10,10,3,5,0
1896,16,286,24,9,2,6,1
1897,14,241,25,9,3,7,0
1898,15,212,14,9,2,6,0
1899,68,1622,5,8,4,5,1
1900,40,294,8,8,3,5,1
1901,15,143,0,8,1,5,1
1902,20,106,7,8,1,5,0
1903,33,221,10,8,1,5,0
1904,12,221,15,8,1,6,0
1905,12,114,15,7,3,6,1
1906,6,65,15,7,4,5,0
1907,12,148,10,7,3,6,0
1908,36,338,10,6,4,5,0
1909,13,157,10,6,2,6,0
1910,14,145,15,6,1,6,0
1911,18,138,1,6,3,5,0
1912,10,177,30,5,2,7,1
1913,19,117,5,5,4,4,1
1914,11,350,100,5,3,7,1
1915,22,82,3,5,4,4,1
1916,13,115,10,5,4,5,0
1917,24,121.07,6,5,3,4,0
1918,10,86,15,5,2,6,0
1919,15,215,23,5,2,7,0
1920,13,221,20,5,1,6,0
1921,26,265.9,11,4,1,5,1
1922,22,171,10,4,4,5,1
1923,8,326,47,4,1,7,1
1924,11,64,0,4,2,5,1
1925,15,80,7,4,4,5,1
1926,9,62,10,4,3,5,0
1927,9,105,10,4,4,6,0
1928,5,65,20,4,1,6,0
1929,13,99,10,4,1,6,0
1930,6,75,10,4,1,6,1
1931,16,180,15,4,1,6,0
1932,26,210,8,3,1,5,1
1933,9,125,15,3,3,6,1
1934,82,2200,39,3,1,7,1
1935,26,195,10,3,2,7,1
1936,12,71,7,3,4,4,1
1937,22,195,7,3,3,5,1
1938,13,127,10,3,4,5,1
1939,3,40,10,3,1,6,0
1940,6,175,25,3,1,7,0
1941,26,103,5,3,3,4,0
1942,5,427,300,3,1,7,0
1943,22,155,15,3,4,6,0
1944,10,115,25,3,1,7,0
1945,14,185,20,2,2,6,1
1946,11,63,5,2,3,5,1
1947,9,118,10,2,4,6,1
1948,20,97,5,2,3,5,1
1949,12,186,25,2,1,7,1
1950,20,158,5,2,3,4,1
1951,17,145.01,18,2,1,5,0
1952,20,536,75,2,4,7,0
1953,18,182,10,2,1,5,0
1954,30,257,10,2,2,6,0
1955,7,200,25,2,1,7,0
1956,6,230,20,2,1,6,0
1957,20,280.5,24,2,4,6,0
1958,8,121,10,2,2,6,0
1959,64,223.94,3,2,4,4,0
1960,15,176,0,2,1,5,0
1961,19,474,20,2,2,7,0
1962,15,1500,100,2,1,7,0
1963,9,70,0,2,1,6,0
1964,14,90,5,2,3,5,0
1965,28,1765,133,2,4,7,1
1966,17,86,10,2,4,5,0
1967,10,320,30,2,1,7,0
1968,17,113,10,2,4,5,1
1969,5,75,0,2,1,6,0
1970,23,207,10,2,1,5,0
1971,17,191,5,2,2,6,1
1972,13,123,10,2,2,5,0
1973,17,147,0,1,1,5,1
1974,14,226,25,1,2,6,1
1975,27,445,30,1,2,7,1
1976,7,725,100,1,1,7,1
1977,7,68,5,1,3,5,1
1978,25,136.5,5,1,3,5,1
1979,14,88,5,1,4,4,1
1980,49,384,8,1,1,5,1
1981,34,173,5,1,3,4,1
1982,56,201,8,1,4,4,1
1983,12,290,25,1,1,7,1
1984,18,138,5,1,4,5,1
1985,25,216,10,1,3,5,1
1986,20,150,8,1,4,4,1
1987,1,20,0,1,1,6,0
1988,12,106,10,1,2,5,0
1989,25,220,10,1,4,5,0
1990,38,257,0,1,4,5,0
1991,12,473,50,1,4,7,0
1992,16,262,15,1,4,6,0
1993,22,218,15,1,2,5,0
1994,5,105,25,1,1,7,0
1995,7,64,15,1,4,5,0
1996,12,105,20,1,2,6,0
1997,36,786,5,1,2,6,0
1998,7,415,100,1,1,7,0
1999,5,77,25,1,1,7,0
2000,34,469,31,1,1,6,0
